alpha_VSP1,alpha_VSP2,omega_VSP1,omega_VSP2,u_BT,u_VSP1,u_VSP2,Absolute Time
0.000000,0.000000,0.300000,0.300000,0.000000,0.000000,0.000000,3568300326.172439
0.000000,0.000000,0.300000,0.300000,0.000000,0.000000,0.000000,3568300326.182443
0.000000,0.000000,0.300000,0.300000,0.000000,0.000000,0.000000,3568300326.192442
0.000000,0.000000,0.300000,0.300000,0.000000,0.000000,0.000000,3568300326.202438
0.000000,0.000000,0.300000,0.300000,0.000000,0.000000,0.000000,3568300326.212442
0.000000,0.000000,0.300000,0.300000,0.000000,0.000000,0.000000,3568300326.222444
0.000000,0.000000,0.300000,0.300000,0.000000,0.000000,0.000000,3568300326.232444
0.000000,0.000000,0.300000,0.300000,0.000000,0.000000,0.000000,3568300326.242444
0.000000,0.000000,0.300000,0.300000,0.000000,0.000000,0.000000,3568300326.252444
0.000000,0.000000,0.300000,0.300000,0.000000,0.000000,0.000000,3568300326.262444
0.000000,0.000000,0.300000,0.300000,0.000000,0.000000,0.000000,3568300326.272445
0.000000,0.000000,0.300000,0.300000,0.000000,0.000000,0.000000,3568300326.282445
0.000000,0.000000,0.300000,0.300000,0.000000,0.000000,0.000000,3568300326.292445
0.000000,0.000000,0.300000,0.300000,0.000000,0.000000,0.000000,3568300326.302442
0.000000,0.000000,0.300000,0.300000,0.000000,0.000000,0.000000,3568300326.312446
0.000000,0.000000,0.300000,0.300000,0.000000,0.000000,0.000000,3568300326.322446
0.000000,0.000000,0.300000,0.300000,0.000000,0.000000,0.000000,3568300326.332448
0.000000,0.000000,0.300000,0.300000,0.000000,0.000000,0.000000,3568300326.342447
0.000000,0.000000,0.300000,0.300000,0.000000,0.000000,0.000000,3568300326.352447
0.000000,0.000000,0.300000,0.300000,0.000000,0.000000,0.000000,3568300326.362448
0.000000,0.000000,0.300000,0.300000,0.000000,0.000000,0.000000,3568300326.372447
0.000000,0.000000,0.300000,0.300000,0.000000,0.000000,0.000000,3568300326.382449
0.000000,0.000000,0.300000,0.300000,0.000000,0.000000,0.000000,3568300326.392449
0.000000,0.000000,0.300000,0.300000,0.000000,0.000000,0.000000,3568300326.402444
0.000000,0.000000,0.300000,0.300000,0.000000,0.000000,0.000000,3568300326.412449
0.000000,0.000000,0.300000,0.300000,0.000000,0.000000,0.000000,3568300326.422450
0.000000,0.000000,0.300000,0.300000,0.000000,0.000000,0.000000,3568300326.432451
0.000000,0.000000,0.300000,0.300000,0.000000,0.000000,0.000000,3568300326.442451
0.000000,0.000000,0.300000,0.300000,0.000000,0.000000,0.000000,3568300326.452449
0.000000,0.000000,0.300000,0.300000,0.000000,0.000000,0.000000,3568300326.462451
0.000000,0.000000,0.300000,0.300000,0.000000,0.000000,0.000000,3568300326.472451
0.000000,0.000000,0.300000,0.300000,0.000000,0.000000,0.000000,3568300326.482451
0.000000,0.000000,0.300000,0.300000,0.000000,0.000000,0.000000,3568300326.492452
0.000000,0.000000,0.300000,0.300000,0.000000,0.000000,0.000000,3568300326.502449
0.000000,0.000000,0.300000,0.300000,0.000000,0.000000,0.000000,3568300326.512452
0.000000,0.000000,0.300000,0.300000,0.000000,0.000000,0.000000,3568300326.522452
0.000000,0.000000,0.300000,0.300000,0.000000,0.000000,0.000000,3568300326.532454
0.000000,0.000000,0.300000,0.300000,0.000000,0.000000,0.000000,3568300326.542454
0.000000,0.000000,0.300000,0.300000,0.000000,0.000000,0.000000,3568300326.552452
0.000000,0.000000,0.300000,0.300000,0.000000,0.000000,0.000000,3568300326.562455
0.000000,0.000000,0.300000,0.300000,0.000000,0.000000,0.000000,3568300326.572455
0.000000,0.000000,0.300000,0.300000,0.000000,0.000000,0.000000,3568300326.582455
0.000000,0.000000,0.300000,0.300000,0.000000,0.000000,0.000000,3568300326.592454
0.000000,0.000000,0.300000,0.300000,0.000000,0.000000,0.000000,3568300326.602452
0.000000,0.000000,0.300000,0.300000,0.000000,0.000000,0.000000,3568300326.612456
0.000000,0.000000,0.300000,0.300000,0.000000,0.000000,0.000000,3568300326.622457
0.000000,0.000000,0.300000,0.300000,0.000000,0.000000,0.000000,3568300326.632456
0.000000,0.000000,0.300000,0.300000,0.000000,0.000000,0.000000,3568300326.642457
0.000000,0.000000,0.300000,0.300000,0.000000,0.000000,0.000000,3568300326.652456
0.000000,0.000000,0.300000,0.300000,0.000000,0.000000,0.000000,3568300326.662458
0.000000,0.000000,0.300000,0.300000,0.000000,0.000000,0.000000,3568300326.672458
0.000000,0.000000,0.300000,0.300000,0.000000,0.000000,0.000000,3568300326.682458
0.000000,0.000000,0.300000,0.300000,0.000000,0.000000,0.000000,3568300326.692459
0.000000,0.000000,0.300000,0.300000,0.000000,0.000000,0.000000,3568300326.702455
0.000000,0.000000,0.300000,0.300000,0.000000,0.000000,0.000000,3568300326.712458
0.000000,0.000000,0.300000,0.300000,0.000000,0.000000,0.000000,3568300326.722459
0.000000,0.000000,0.300000,0.300000,0.000000,0.000000,0.000000,3568300326.732460
0.000000,0.000000,0.300000,0.300000,0.000000,0.000000,0.000000,3568300326.742460
0.000000,0.000000,0.300000,0.300000,0.000000,0.000000,0.000000,3568300326.752460
0.000000,0.000000,0.300000,0.300000,0.000000,0.000000,0.000000,3568300326.762460
0.000000,0.000000,0.300000,0.300000,0.000000,0.000000,0.000000,3568300326.772460
0.000000,0.000000,0.300000,0.300000,0.000000,0.000000,0.000000,3568300326.782462
0.000000,0.000000,0.300000,0.300000,0.000000,0.000000,0.000000,3568300326.792461
0.000000,0.000000,0.300000,0.300000,0.000000,0.000000,0.000000,3568300326.802457
0.000000,0.000000,0.300000,0.300000,0.000000,0.000000,0.000000,3568300326.812462
0.000000,0.000000,0.300000,0.300000,0.000000,0.000000,0.000000,3568300326.822463
0.000000,0.000000,0.300000,0.300000,0.000000,0.000000,0.000000,3568300326.832463
0.000000,0.000000,0.300000,0.300000,0.000000,0.000000,0.000000,3568300326.842463
0.000000,0.000000,0.300000,0.300000,0.000000,0.000000,0.000000,3568300326.852463
0.000000,0.000000,0.300000,0.300000,0.000000,0.000000,0.000000,3568300326.862464
0.000000,0.000000,0.300000,0.300000,0.000000,0.000000,0.000000,3568300326.872464
0.000000,0.000000,0.300000,0.300000,0.000000,0.000000,0.000000,3568300326.882465
0.000000,0.000000,0.300000,0.300000,0.000000,0.000000,0.000000,3568300326.892465
0.000000,0.000000,0.300000,0.300000,0.000000,0.000000,0.000000,3568300326.902461
0.000000,0.000000,0.300000,0.300000,0.000000,0.000000,0.000000,3568300326.912465
0.000000,0.000000,0.300000,0.300000,0.000000,0.000000,0.000000,3568300326.922465
0.000000,0.000000,0.300000,0.300000,0.000000,0.000000,0.000000,3568300326.932467
0.000000,0.000000,0.300000,0.300000,0.000000,0.000000,0.000000,3568300326.942467
0.000000,0.000000,0.300000,0.300000,0.000000,0.000000,0.000000,3568300326.952466
0.000000,0.000000,0.300000,0.300000,0.000000,0.000000,0.000000,3568300326.962467
0.000000,0.000000,0.300000,0.300000,0.000000,0.000000,0.000000,3568300326.972466
0.000000,0.000000,0.300000,0.300000,0.000000,0.000000,0.000000,3568300326.982468
0.000000,0.000000,0.300000,0.300000,0.000000,0.000000,0.000000,3568300326.992469
0.000000,0.000000,0.300000,0.300000,0.000000,0.000000,0.000000,3568300327.002464
0.000000,0.000000,0.300000,0.300000,0.000000,0.000000,0.000000,3568300327.012468
0.000000,0.000000,0.300000,0.300000,0.000000,0.000000,0.000000,3568300327.022469
0.000000,0.000000,0.300000,0.300000,0.000000,0.000000,0.000000,3568300327.032470
0.000000,0.000000,0.300000,0.300000,0.000000,0.000000,0.000000,3568300327.042469
0.000000,0.000000,0.300000,0.300000,0.000000,0.000000,0.000000,3568300327.052469
0.000000,0.000000,0.300000,0.300000,0.000000,0.000000,0.000000,3568300327.062470
0.000000,0.000000,0.300000,0.300000,0.000000,0.000000,0.000000,3568300327.072471
0.000000,0.000000,0.300000,0.300000,0.000000,0.000000,0.000000,3568300327.082473
0.000000,0.000000,0.300000,0.300000,0.000000,0.000000,0.000000,3568300327.092471
0.000000,0.000000,0.300000,0.300000,0.000000,0.000000,0.000000,3568300327.102467
0.000000,0.000000,0.300000,0.300000,0.000000,0.000000,0.000000,3568300327.112471
0.000000,0.000000,0.300000,0.300000,0.000000,0.000000,0.000000,3568300327.122473
0.000000,0.000000,0.300000,0.300000,0.000000,0.000000,0.000000,3568300327.132473
0.000000,0.000000,0.300000,0.300000,0.000000,0.000000,0.000000,3568300327.142473
0.000000,0.000000,0.300000,0.300000,0.000000,0.000000,0.000000,3568300327.152472
0.000000,0.000000,0.300000,0.300000,0.000000,0.000000,0.000000,3568300327.162474
0.000000,0.000000,0.300000,0.300000,0.000000,0.000000,0.000000,3568300327.172473
0.000000,0.000000,0.300000,0.300000,0.000000,0.000000,0.000000,3568300327.182476
0.000000,0.000000,0.300000,0.300000,0.000000,0.000000,0.000000,3568300327.192473
0.000000,0.000000,0.300000,0.300000,0.000000,0.000000,0.000000,3568300327.202469
0.000000,0.000000,0.300000,0.300000,0.000000,0.000000,0.000000,3568300327.212474
0.000000,0.000000,0.300000,0.300000,0.000000,0.000000,0.000000,3568300327.222475
0.000000,0.000000,0.300000,0.300000,0.000000,0.000000,0.000000,3568300327.232477
0.000000,0.000000,0.300000,0.300000,0.000000,0.000000,0.000000,3568300327.242476
0.000000,0.000000,0.300000,0.300000,0.000000,0.000000,0.000000,3568300327.252476
0.000000,0.000000,0.300000,0.300000,0.000000,0.000000,0.000000,3568300327.262476
0.000000,0.000000,0.300000,0.300000,0.000000,0.000000,0.000000,3568300327.272477
0.000000,0.000000,0.300000,0.300000,0.000000,0.000000,0.000000,3568300327.282478
0.000000,0.000000,0.300000,0.300000,0.000000,0.000000,0.000000,3568300327.292477
0.000000,0.000000,0.300000,0.300000,0.000000,0.000000,0.000000,3568300327.302474
0.000000,0.000000,0.300000,0.300000,0.000000,0.000000,0.000000,3568300327.312477
0.000000,0.000000,0.300000,0.300000,0.000000,0.000000,0.000000,3568300327.322478
0.000000,0.000000,0.300000,0.300000,0.000000,0.000000,0.000000,3568300327.332479
0.000000,0.000000,0.300000,0.300000,0.000000,0.000000,0.000000,3568300327.342480
0.000000,0.000000,0.300000,0.300000,0.000000,0.000000,0.000000,3568300327.352479
0.000000,0.000000,0.300000,0.300000,0.000000,0.000000,0.000000,3568300327.362480
0.000000,0.000000,0.300000,0.300000,0.000000,0.000000,0.000000,3568300327.372479
0.000000,0.000000,0.300000,0.300000,0.000000,0.000000,0.000000,3568300327.382481
0.000000,0.000000,0.300000,0.300000,0.000000,0.000000,0.000000,3568300327.392481
0.000000,0.000000,0.300000,0.300000,0.000000,0.000000,0.000000,3568300327.402477
0.000000,0.000000,0.300000,0.300000,0.000000,0.000000,0.000000,3568300327.412481
0.000000,0.000000,0.300000,0.300000,0.000000,0.000000,0.000000,3568300327.422481
0.000000,0.000000,0.300000,0.300000,0.000000,0.000000,0.000000,3568300327.432482
0.000000,0.000000,0.300000,0.300000,0.000000,0.000000,0.000000,3568300327.442482
0.000000,0.000000,0.300000,0.300000,0.000000,0.000000,0.000000,3568300327.452482
0.000000,0.000000,0.300000,0.300000,0.000000,0.000000,0.000000,3568300327.462483
0.000000,0.000000,0.300000,0.300000,0.000000,0.000000,0.000000,3568300327.472483
0.000000,0.000000,0.300000,0.300000,0.000000,0.000000,0.000000,3568300327.482484
0.000000,0.000000,0.300000,0.300000,0.000000,0.000000,0.000000,3568300327.492483
0.000000,0.000000,0.300000,0.300000,0.000000,0.000000,0.000000,3568300327.502480
0.000000,0.000000,0.300000,0.300000,0.000000,0.000000,0.000000,3568300327.512484
0.000000,0.000000,0.300000,0.300000,0.000000,0.000000,0.000000,3568300327.522486
0.000000,0.000000,0.300000,0.300000,0.000000,0.000000,0.000000,3568300327.532486
0.000000,0.000000,0.300000,0.300000,0.000000,0.000000,0.000000,3568300327.542485
0.000000,0.000000,0.300000,0.300000,0.000000,0.000000,0.000000,3568300327.552486
0.000000,0.000000,0.300000,0.300000,0.000000,0.000000,0.000000,3568300327.562486
0.000000,0.000000,0.300000,0.300000,0.000000,0.000000,0.000000,3568300327.572486
0.000000,0.000000,0.300000,0.300000,0.000000,0.000000,0.000000,3568300327.582488
0.000000,0.000000,0.300000,0.300000,0.000000,0.000000,0.000000,3568300327.592487
0.000000,0.000000,0.300000,0.300000,0.000000,0.000000,0.000000,3568300327.602483
0.000000,0.000000,0.300000,0.300000,0.000000,0.000000,0.000000,3568300327.612487
0.000000,0.000000,0.300000,0.300000,0.000000,0.000000,0.000000,3568300327.622488
0.000000,0.000000,0.300000,0.300000,0.000000,0.000000,0.000000,3568300327.632488
0.000000,0.000000,0.300000,0.300000,0.000000,0.000000,0.000000,3568300327.642488
0.000000,0.000000,0.300000,0.300000,0.000000,0.000000,0.000000,3568300327.652488
0.000000,0.000000,0.300000,0.300000,0.000000,0.000000,0.000000,3568300327.662490
0.000000,0.000000,0.300000,0.300000,0.000000,0.000000,0.000000,3568300327.672489
0.000000,0.000000,0.300000,0.300000,0.000000,0.000000,0.000000,3568300327.682490
0.000000,0.000000,0.300000,0.300000,0.000000,0.000000,0.000000,3568300327.692491
0.000000,0.000000,0.300000,0.300000,0.000000,0.000000,0.000000,3568300327.702486
0.000000,0.000000,0.300000,0.300000,0.000000,0.000000,0.000000,3568300327.712491
0.000000,0.000000,0.300000,0.300000,0.000000,0.000000,0.000000,3568300327.722491
0.000000,0.000000,0.300000,0.300000,0.000000,0.000000,0.000000,3568300327.732492
0.000000,0.000000,0.300000,0.300000,0.000000,0.000000,0.000000,3568300327.742492
0.000000,0.000000,0.300000,0.300000,0.000000,0.000000,0.000000,3568300327.752491
0.000000,0.000000,0.300000,0.300000,0.000000,0.000000,0.000000,3568300327.762493
0.000000,0.000000,0.300000,0.300000,0.000000,0.000000,0.000000,3568300327.772492
0.000000,0.000000,0.300000,0.300000,0.000000,0.000000,0.000000,3568300327.782493
0.000000,0.000000,0.300000,0.300000,0.000000,0.000000,0.000000,3568300327.792494
0.000000,0.000000,0.300000,0.300000,0.000000,0.000000,0.000000,3568300327.802489
0.000000,0.000000,0.300000,0.300000,0.000000,0.000000,0.000000,3568300327.812493
0.000000,0.000000,0.300000,0.300000,0.000000,0.000000,0.000000,3568300327.822495
0.000000,0.000000,0.300000,0.300000,0.000000,0.000000,0.000000,3568300327.832495
0.000000,0.000000,0.300000,0.300000,0.000000,0.000000,0.000000,3568300327.842495
0.000000,0.000000,0.300000,0.300000,0.000000,0.000000,0.000000,3568300327.852496
0.000000,0.000000,0.300000,0.300000,0.000000,0.000000,0.000000,3568300327.862496
0.000000,0.000000,0.300000,0.300000,0.000000,0.000000,0.000000,3568300327.872496
0.000000,0.000000,0.300000,0.300000,0.000000,0.000000,0.000000,3568300327.882497
0.000000,0.000000,0.300000,0.300000,0.000000,0.000000,0.000000,3568300327.892498
0.000000,0.000000,0.300000,0.300000,0.000000,0.000000,0.000000,3568300327.902493
0.000000,0.000000,0.300000,0.300000,0.000000,0.000000,0.000000,3568300327.912498
0.000000,0.000000,0.300000,0.300000,0.000000,0.000000,0.000000,3568300327.922498
0.000000,0.000000,0.300000,0.300000,0.000000,0.000000,0.000000,3568300327.932498
0.000000,0.000000,0.300000,0.300000,0.000000,0.000000,0.000000,3568300327.942499
0.000000,0.000000,0.300000,0.300000,0.000000,0.000000,0.000000,3568300327.952497
0.000000,0.000000,0.300000,0.300000,0.000000,0.000000,0.000000,3568300327.962499
0.000000,0.000000,0.300000,0.300000,0.000000,0.000000,0.000000,3568300327.972499
0.000000,0.000000,0.300000,0.300000,0.000000,0.000000,0.000000,3568300327.982500
0.000000,0.000000,0.300000,0.300000,0.000000,0.000000,0.000000,3568300327.992499
0.000000,0.000000,0.300000,0.300000,0.000000,0.000000,0.000000,3568300328.002496
0.000000,0.000000,0.300000,0.300000,0.000000,0.000000,0.000000,3568300328.012501
0.000000,0.000000,0.300000,0.300000,0.000000,0.000000,0.000000,3568300328.022500
0.000000,0.000000,0.300000,0.300000,0.000000,0.000000,0.000000,3568300328.032502
0.000000,0.000000,0.300000,0.300000,0.000000,0.000000,0.000000,3568300328.042501
0.000000,0.000000,0.300000,0.300000,0.000000,0.000000,0.000000,3568300328.052501
0.000000,0.000000,0.300000,0.300000,0.000000,0.000000,0.000000,3568300328.062502
0.000000,0.000000,0.300000,0.300000,0.000000,0.000000,0.000000,3568300328.072502
0.000000,0.000000,0.300000,0.300000,0.000000,0.000000,0.000000,3568300328.082506
0.000000,0.000000,0.300000,0.300000,0.000000,0.000000,0.000000,3568300328.092503
0.000000,0.000000,0.300000,0.300000,0.000000,0.000000,0.000000,3568300328.102499
0.000000,0.000000,0.300000,0.300000,0.000000,0.000000,0.000000,3568300328.112504
0.000000,0.000000,0.300000,0.300000,0.000000,0.000000,0.000000,3568300328.122505
0.000000,0.000000,0.300000,0.300000,0.000000,0.000000,0.000000,3568300328.132505
0.000000,0.000000,0.300000,0.300000,0.000000,0.000000,0.000000,3568300328.142504
0.000000,0.000000,0.300000,0.300000,0.000000,0.000000,0.000000,3568300328.152505
0.000000,0.000000,0.300000,0.300000,0.000000,0.000000,0.000000,3568300328.162506
0.000000,0.000000,0.300000,0.300000,0.000000,0.000000,0.000000,3568300328.172505
0.000000,0.000000,0.300000,0.300000,0.000000,0.000000,0.000000,3568300328.182506
0.000000,0.000000,0.300000,0.300000,0.000000,0.000000,0.000000,3568300328.192506
0.000000,0.000000,0.300000,0.300000,0.000000,0.000000,0.000000,3568300328.202503
0.000000,0.000000,0.300000,0.300000,0.000000,0.000000,0.000000,3568300328.212506
0.000000,0.000000,0.300000,0.300000,0.000000,0.000000,0.000000,3568300328.222506
0.000000,0.000000,0.300000,0.300000,0.000000,0.000000,0.000000,3568300328.232508
0.000000,0.000000,0.300000,0.300000,0.000000,0.000000,0.000000,3568300328.242508
0.000000,0.000000,0.300000,0.300000,0.000000,0.000000,0.000000,3568300328.252508
0.000000,0.000000,0.300000,0.300000,0.000000,0.000000,0.000000,3568300328.262509
0.000000,0.000000,0.300000,0.300000,0.000000,0.000000,0.000000,3568300328.272509
0.000000,0.000000,0.300000,0.300000,0.000000,0.000000,0.000000,3568300328.282510
0.000000,0.000000,0.300000,0.300000,0.000000,0.000000,0.000000,3568300328.292510
0.000000,0.000000,0.300000,0.300000,0.000000,0.000000,0.000000,3568300328.302505
0.000000,0.000000,0.300000,0.300000,0.000000,0.000000,0.000000,3568300328.312510
0.000000,0.000000,0.300000,0.300000,0.000000,0.000000,0.000000,3568300328.322510
0.000000,0.000000,0.300000,0.300000,0.000000,0.000000,0.000000,3568300328.332511
0.000000,0.000000,0.300000,0.300000,0.000000,0.000000,0.000000,3568300328.342511
0.000000,0.000000,0.300000,0.300000,0.000000,0.000000,0.000000,3568300328.352511
0.000000,0.000000,0.300000,0.300000,0.000000,0.000000,0.000000,3568300328.362512
0.000000,0.000000,0.300000,0.300000,0.000000,0.000000,0.000000,3568300328.372513
0.000000,0.000000,0.300000,0.300000,0.000000,0.000000,0.000000,3568300328.382513
0.000000,0.000000,0.300000,0.300000,0.000000,0.000000,0.000000,3568300328.392512
0.000000,0.000000,0.300000,0.300000,0.000000,0.000000,0.000000,3568300328.402509
0.000000,0.000000,0.300000,0.300000,0.000000,0.000000,0.000000,3568300328.412513
0.000000,0.000000,0.300000,0.300000,0.000000,0.000000,0.000000,3568300328.422513
0.000000,0.000000,0.300000,0.300000,0.000000,0.000000,0.000000,3568300328.432514
0.000000,0.000000,0.300000,0.300000,0.000000,0.000000,0.000000,3568300328.442514
0.000000,0.000000,0.300000,0.300000,0.000000,0.000000,0.000000,3568300328.452514
0.000000,0.000000,0.300000,0.300000,0.000000,0.000000,0.000000,3568300328.462515
0.000000,0.000000,0.300000,0.300000,0.000000,0.000000,0.000000,3568300328.472516
0.000000,0.000000,0.300000,0.300000,0.000000,0.000000,0.000000,3568300328.482516
0.000000,0.000000,0.300000,0.300000,0.000000,0.000000,0.000000,3568300328.492517
0.000000,0.000000,0.300000,0.300000,0.000000,0.000000,0.000000,3568300328.502511
0.000000,0.000000,0.300000,0.300000,0.000000,0.000000,0.000000,3568300328.512517
0.000000,0.000000,0.300000,0.300000,0.000000,0.000000,0.000000,3568300328.522517
0.000000,0.000000,0.300000,0.300000,0.000000,0.000000,0.000000,3568300328.532517
0.000000,0.000000,0.300000,0.300000,0.000000,0.000000,0.000000,3568300328.542519
0.000000,0.000000,0.300000,0.300000,0.000000,0.000000,0.000000,3568300328.552516
0.000000,0.000000,0.300000,0.300000,0.000000,0.000000,0.000000,3568300328.562518
0.000000,0.000000,0.300000,0.300000,0.000000,0.000000,0.000000,3568300328.572518
0.000000,0.000000,0.300000,0.300000,0.000000,0.000000,0.000000,3568300328.582520
0.000000,0.000000,0.300000,0.300000,0.000000,0.000000,0.000000,3568300328.592519
0.000000,0.000000,0.300000,0.300000,0.000000,0.000000,0.000000,3568300328.602515
0.000000,0.000000,0.300000,0.300000,0.000000,0.000000,0.000000,3568300328.612519
0.000000,0.000000,0.300000,0.300000,0.000000,0.000000,0.000000,3568300328.622519
0.000000,0.000000,0.300000,0.300000,0.000000,0.000000,0.000000,3568300328.632521
0.000000,0.000000,0.300000,0.300000,0.000000,0.000000,0.000000,3568300328.642519
0.000000,0.000000,0.300000,0.300000,0.000000,0.000000,0.000000,3568300328.652520
0.000000,0.000000,0.300000,0.300000,0.000000,0.000000,0.000000,3568300328.662522
0.000000,0.000000,0.300000,0.300000,0.000000,0.000000,0.000000,3568300328.672521
0.000000,0.000000,0.300000,0.300000,0.000000,0.000000,0.000000,3568300328.682523
0.000000,0.000000,0.300000,0.300000,0.000000,0.000000,0.000000,3568300328.692523
0.000000,0.000000,0.300000,0.300000,0.000000,0.000000,0.000000,3568300328.702518
0.000000,0.000000,0.300000,0.300000,0.000000,0.000000,0.000000,3568300328.712522
0.000000,0.000000,0.300000,0.300000,0.000000,0.000000,0.000000,3568300328.722524
0.000000,0.000000,0.300000,0.300000,0.000000,0.000000,0.000000,3568300328.732524
0.000000,0.000000,0.300000,0.300000,0.000000,0.000000,0.000000,3568300328.742524
0.000000,0.000000,0.300000,0.300000,0.000000,0.000000,0.000000,3568300328.752523
0.000000,0.000000,0.300000,0.300000,0.000000,0.000000,0.000000,3568300328.762525
0.000000,0.000000,0.300000,0.300000,0.000000,0.000000,0.000000,3568300328.772525
0.000000,0.000000,0.300000,0.300000,0.000000,0.000000,0.000000,3568300328.782526
0.000000,0.000000,0.300000,0.300000,0.000000,0.000000,0.000000,3568300328.792525
0.000000,0.000000,0.300000,0.300000,0.000000,0.000000,0.000000,3568300328.802522
0.000000,0.000000,0.300000,0.300000,0.020600,0.000000,0.000000,3568300328.812526
0.000000,0.000000,0.300000,0.300000,0.020600,0.000000,0.000000,3568300328.822527
0.000000,0.000000,0.300000,0.300000,0.154622,0.000000,0.000000,3568300328.832528
0.000000,0.000000,0.300000,0.300000,0.154622,0.000000,0.000000,3568300328.842528
0.000000,0.000000,0.300000,0.300000,0.211325,0.000000,0.000000,3568300328.852527
0.000000,0.000000,0.300000,0.300000,0.242256,0.000000,0.000000,3568300328.862527
0.000000,0.000000,0.300000,0.300000,0.273186,0.000000,0.000000,3568300328.872527
0.000000,0.000000,0.300000,0.300000,0.304117,0.000000,0.000000,3568300328.882528
0.000000,0.000000,0.300000,0.300000,0.304117,0.000000,0.000000,3568300328.892529
0.000000,0.000000,0.300000,0.300000,0.324732,0.000000,0.000000,3568300328.902525
0.000000,0.000000,0.300000,0.300000,0.324732,0.000000,0.000000,3568300328.912529
0.000000,0.000000,0.300000,0.300000,0.340190,0.000000,0.000000,3568300328.922530
0.000000,0.000000,0.300000,0.300000,0.340190,0.000000,0.000000,3568300328.932530
0.000000,0.000000,0.300000,0.300000,0.335032,0.000000,0.000000,3568300328.942529
0.000000,0.000000,0.300000,0.300000,0.335032,0.000000,0.000000,3568300328.952530
0.000000,0.000000,0.300000,0.300000,0.335032,0.000000,0.000000,3568300328.962532
0.000000,0.000000,0.300000,0.300000,0.329890,0.000000,0.000000,3568300328.972531
0.000000,0.000000,0.300000,0.300000,0.329890,0.000000,0.000000,3568300328.982532
0.000000,0.000000,0.300000,0.300000,0.329890,0.000000,0.000000,3568300328.992531
0.000000,0.000000,0.300000,0.300000,0.335032,0.000000,0.000000,3568300329.002528
0.000000,0.000000,0.300000,0.300000,0.329890,0.000000,0.000000,3568300329.012532
0.000000,0.000000,0.300000,0.300000,0.329890,0.000000,0.000000,3568300329.022533
0.000000,0.000000,0.300000,0.300000,0.329890,0.000000,0.000000,3568300329.032533
0.000000,0.000000,0.300000,0.300000,0.324732,0.000000,0.000000,3568300329.042533
0.000000,0.000000,0.300000,0.300000,0.324732,0.000000,0.000000,3568300329.052533
0.000000,0.000000,0.300000,0.300000,0.324732,0.000000,0.000000,3568300329.062533
0.000000,0.000000,0.300000,0.300000,0.329890,0.000000,0.000000,3568300329.072534
0.000000,0.000000,0.300000,0.300000,0.335032,0.000000,0.000000,3568300329.082537
0.000000,0.000000,0.300000,0.300000,0.335032,0.000000,0.000000,3568300329.092535
0.000000,0.000000,0.300000,0.300000,0.360820,0.000000,0.000000,3568300329.102531
0.000000,0.000000,0.300000,0.300000,0.360820,0.000000,0.000000,3568300329.112535
0.000000,0.000000,0.300000,0.300000,0.412366,0.000000,0.000000,3568300329.122535
0.000000,0.000000,0.300000,0.300000,0.479369,0.000000,0.000000,3568300329.132536
0.000000,0.000000,0.300000,0.300000,0.500000,0.000000,0.000000,3568300329.142537
0.000000,0.000000,0.300000,0.300000,0.500000,0.000000,0.000000,3568300329.152536
0.000000,0.000000,0.300000,0.300000,0.500000,0.000000,0.000000,3568300329.162538
0.000000,0.000000,0.300000,0.300000,0.530915,0.000000,0.000000,3568300329.172537
0.000000,0.000000,0.300000,0.300000,0.582476,0.000000,0.000000,3568300329.182538
0.000000,0.000000,0.300000,0.300000,0.582476,0.000000,0.000000,3568300329.192538
0.000000,0.000000,0.300000,0.300000,0.628864,0.000000,0.000000,3568300329.202535
0.000000,0.000000,0.300000,0.300000,0.628864,0.000000,0.000000,3568300329.212539
0.000000,0.000000,0.300000,0.300000,0.701025,0.000000,0.000000,3568300329.222539
0.000000,0.000000,0.300000,0.300000,0.701025,0.000000,0.000000,3568300329.232540
0.000000,0.000000,0.300000,0.300000,0.783502,0.000000,0.000000,3568300329.242540
0.000000,0.000000,0.300000,0.300000,0.783502,0.000000,0.000000,3568300329.252539
0.000000,0.000000,0.300000,0.300000,0.860836,0.000000,0.000000,3568300329.262541
0.000000,0.000000,0.300000,0.300000,0.932997,0.000000,0.000000,3568300329.272542
0.000000,0.000000,0.300000,0.300000,0.932997,0.000000,0.000000,3568300329.282541
0.000000,0.000000,0.300000,0.300000,1.000000,0.000000,0.000000,3568300329.292541
0.000000,0.000000,0.300000,0.300000,1.000000,0.000000,0.000000,3568300329.302537
0.000000,0.000000,0.300000,0.300000,1.000000,0.000000,0.000000,3568300329.312541
0.000000,0.000000,0.300000,0.300000,1.000000,0.000000,0.000000,3568300329.322543
0.000000,0.000000,0.300000,0.300000,1.000000,0.000000,0.000000,3568300329.332543
0.000000,0.000000,0.300000,0.300000,1.000000,0.000000,0.000000,3568300329.342543
0.000000,0.000000,0.300000,0.300000,1.000000,0.000000,0.000000,3568300329.352545
0.000000,0.000000,0.300000,0.300000,1.000000,0.000000,0.000000,3568300329.362544
0.000000,0.000000,0.300000,0.300000,1.000000,0.000000,0.000000,3568300329.372544
0.000000,0.000000,0.300000,0.300000,1.000000,0.000000,0.000000,3568300329.382545
0.000000,0.000000,0.300000,0.300000,1.000000,0.000000,0.000000,3568300329.392545
0.000000,0.000000,0.300000,0.300000,1.000000,0.000000,0.000000,3568300329.402541
0.000000,0.000000,0.300000,0.300000,1.000000,0.000000,0.000000,3568300329.412545
0.000000,0.000000,0.300000,0.300000,1.000000,0.000000,0.000000,3568300329.422545
0.000000,0.000000,0.300000,0.300000,1.000000,0.000000,0.000000,3568300329.432547
0.000000,0.000000,0.300000,0.300000,1.000000,0.000000,0.000000,3568300329.442546
0.000000,0.000000,0.300000,0.300000,1.000000,0.000000,0.000000,3568300329.452546
0.000000,0.000000,0.300000,0.300000,1.000000,0.000000,0.000000,3568300329.462547
0.000000,0.000000,0.300000,0.300000,1.000000,0.000000,0.000000,3568300329.472547
0.000000,0.000000,0.300000,0.300000,1.000000,0.000000,0.000000,3568300329.482548
0.000000,0.000000,0.300000,0.300000,1.000000,0.000000,0.000000,3568300329.492548
0.000000,0.000000,0.300000,0.300000,1.000000,0.000000,0.000000,3568300329.502544
0.000000,0.000000,0.300000,0.300000,1.000000,0.000000,0.000000,3568300329.512549
0.000000,0.000000,0.300000,0.300000,0.979385,0.000000,0.000000,3568300329.522549
0.000000,0.000000,0.300000,0.300000,0.979385,0.000000,0.000000,3568300329.532549
0.000000,0.000000,0.300000,0.300000,0.922681,0.000000,0.000000,3568300329.542550
0.000000,0.000000,0.300000,0.300000,0.922681,0.000000,0.000000,3568300329.552549
0.000000,0.000000,0.300000,0.300000,0.907224,0.000000,0.000000,3568300329.562550
0.000000,0.000000,0.300000,0.300000,0.907224,0.000000,0.000000,3568300329.572550
0.000000,0.000000,0.300000,0.300000,0.943312,0.000000,0.000000,3568300329.582552
0.000000,0.000000,0.300000,0.300000,0.969085,0.000000,0.000000,3568300329.592552
0.000000,0.000000,0.300000,0.300000,0.969085,0.000000,0.000000,3568300329.602548
0.000000,0.000000,0.300000,0.300000,0.984542,0.000000,0.000000,3568300329.612552
0.000000,0.000000,0.300000,0.300000,0.984542,0.000000,0.000000,3568300329.622552
0.000000,0.000000,0.300000,0.300000,0.984542,0.000000,0.000000,3568300329.632553
0.000000,0.000000,0.300000,0.300000,1.000000,0.000000,0.000000,3568300329.642552
0.000000,0.000000,0.300000,0.300000,1.000000,0.000000,0.000000,3568300329.652552
0.000000,0.000000,0.300000,0.300000,1.000000,0.000000,0.000000,3568300329.662554
0.000000,0.000000,0.300000,0.300000,1.000000,0.000000,0.000000,3568300329.672554
0.000000,0.000000,0.300000,0.300000,1.000000,0.000000,0.000000,3568300329.682554
0.000000,0.000000,0.300000,0.300000,1.000000,0.000000,0.000000,3568300329.692554
0.000000,0.000000,0.300000,0.300000,1.000000,0.000000,0.000000,3568300329.702550
0.000000,0.000000,0.300000,0.300000,1.000000,0.000000,0.000000,3568300329.712555
0.000000,0.000000,0.300000,0.300000,1.000000,0.000000,0.000000,3568300329.722556
0.000000,0.000000,0.300000,0.300000,1.000000,0.000000,0.000000,3568300329.732556
0.000000,0.000000,0.300000,0.300000,1.000000,0.000000,0.000000,3568300329.742557
0.000000,0.000000,0.300000,0.300000,1.000000,0.000000,0.000000,3568300329.752555
0.000000,0.000000,0.300000,0.300000,1.000000,0.000000,0.000000,3568300329.762556
0.000000,0.000000,0.300000,0.300000,1.000000,0.000000,0.000000,3568300329.772556
0.000000,0.000000,0.300000,0.300000,1.000000,0.000000,0.000000,3568300329.782557
0.000000,0.000000,0.300000,0.300000,1.000000,0.000000,0.000000,3568300329.792558
0.000000,0.000000,0.300000,0.300000,1.000000,0.000000,0.000000,3568300329.802553
0.000000,0.000000,0.300000,0.300000,1.000000,0.000000,0.000000,3568300329.812558
0.000000,0.000000,0.300000,0.300000,1.000000,0.000000,0.000000,3568300329.822558
0.000000,0.000000,0.300000,0.300000,1.000000,0.000000,0.000000,3568300329.832560
0.000000,0.000000,0.300000,0.300000,1.000000,0.000000,0.000000,3568300329.842559
0.000000,0.000000,0.300000,0.300000,1.000000,0.000000,0.000000,3568300329.852558
0.000000,0.000000,0.300000,0.300000,1.000000,0.000000,0.000000,3568300329.862560
0.000000,0.000000,0.300000,0.300000,1.000000,0.000000,0.000000,3568300329.872560
0.000000,0.000000,0.300000,0.300000,1.000000,0.000000,0.000000,3568300329.882560
0.000000,0.000000,0.300000,0.300000,1.000000,0.000000,0.000000,3568300329.892560
0.000000,0.000000,0.300000,0.300000,1.000000,0.000000,0.000000,3568300329.902557
0.000000,0.000000,0.300000,0.300000,1.000000,0.000000,0.000000,3568300329.912561
0.000000,0.000000,0.300000,0.300000,1.000000,0.000000,0.000000,3568300329.922563
0.000000,0.000000,0.300000,0.300000,1.000000,0.000000,0.000000,3568300329.932563
0.000000,0.000000,0.300000,0.300000,1.000000,0.000000,0.000000,3568300329.942562
0.000000,0.000000,0.300000,0.300000,1.000000,0.000000,0.000000,3568300329.952562
0.000000,0.000000,0.300000,0.300000,1.000000,0.000000,0.000000,3568300329.962564
0.000000,0.000000,0.300000,0.300000,1.000000,0.000000,0.000000,3568300329.972563
0.000000,0.000000,0.300000,0.300000,1.000000,0.000000,0.000000,3568300329.982564
0.000000,0.000000,0.300000,0.300000,1.000000,0.000000,0.000000,3568300329.992565
0.000000,0.000000,0.300000,0.300000,1.000000,0.000000,0.000000,3568300330.002560
0.000000,0.000000,0.300000,0.300000,1.000000,0.000000,0.000000,3568300330.012564
0.000000,0.000000,0.300000,0.300000,0.546388,0.000000,0.000000,3568300330.022565
0.000000,0.000000,0.300000,0.300000,0.546388,0.000000,0.000000,3568300330.032566
0.000000,0.000000,0.300000,0.300000,0.335032,0.000000,0.000000,3568300330.042566
0.000000,0.000000,0.300000,0.300000,0.335032,0.000000,0.000000,3568300330.052565
0.000000,0.000000,0.300000,0.300000,0.335032,0.000000,0.000000,3568300330.062566
0.000000,0.000000,0.300000,0.300000,0.123692,0.000000,0.000000,3568300330.072566
0.000000,0.000000,0.300000,0.300000,0.123692,0.000000,0.000000,3568300330.082570
0.000000,0.000000,0.300000,0.300000,0.123692,0.000000,0.000000,3568300330.092568
0.000000,0.000000,0.300000,0.300000,0.123692,0.000000,0.000000,3568300330.102563
0.000000,0.000000,0.300000,0.300000,0.000000,0.000000,0.000000,3568300330.112566
0.000000,0.000000,0.300000,0.300000,0.000000,0.000000,0.000000,3568300330.122568
0.000000,0.000000,0.300000,0.300000,0.000000,0.000000,0.000000,3568300330.132569
0.000000,0.000000,0.300000,0.300000,0.000000,0.000000,0.000000,3568300330.142569
0.000000,0.000000,0.300000,0.300000,0.000000,0.000000,0.000000,3568300330.152568
0.000000,0.000000,0.300000,0.300000,0.000000,0.000000,0.000000,3568300330.162570
0.000000,0.000000,0.300000,0.300000,0.000000,0.000000,0.000000,3568300330.172570
0.000000,0.000000,0.300000,0.300000,0.000000,0.000000,0.000000,3568300330.182570
0.000000,0.000000,0.300000,0.300000,0.000000,0.000000,0.000000,3568300330.192570
0.000000,0.000000,0.300000,0.300000,0.000000,0.000000,0.000000,3568300330.202567
0.000000,0.000000,0.300000,0.300000,0.000000,0.000000,0.000000,3568300330.212571
0.000000,0.000000,0.300000,0.300000,0.000000,0.000000,0.000000,3568300330.222571
0.000000,0.000000,0.300000,0.300000,0.000000,0.000000,0.000000,3568300330.232573
0.000000,0.000000,0.300000,0.300000,0.000000,0.000000,0.000000,3568300330.242571
0.000000,0.000000,0.300000,0.300000,0.000000,0.000000,0.000000,3568300330.252572
0.000000,0.000000,0.300000,0.300000,0.000000,0.000000,0.000000,3568300330.262573
0.000000,0.000000,0.300000,0.300000,0.000000,0.000000,0.000000,3568300330.272573
0.000000,0.000000,0.300000,0.300000,0.000000,0.000000,0.000000,3568300330.282574
0.000000,0.000000,0.300000,0.300000,0.000000,0.000000,0.000000,3568300330.292574
0.000000,0.000000,0.300000,0.300000,0.000000,0.000000,0.000000,3568300330.302569
0.000000,0.000000,0.300000,0.300000,0.000000,0.000000,0.000000,3568300330.312573
0.000000,0.000000,0.300000,0.300000,0.000000,0.000000,0.000000,3568300330.322574
0.000000,0.000000,0.300000,0.300000,0.000000,0.000000,0.000000,3568300330.332576
0.000000,0.000000,0.300000,0.300000,0.000000,0.000000,0.000000,3568300330.342576
0.000000,0.000000,0.300000,0.300000,0.000000,0.000000,0.000000,3568300330.352575
0.000000,0.000000,0.300000,0.300000,0.000000,0.000000,0.000000,3568300330.362576
0.000000,0.000000,0.300000,0.300000,0.000000,0.000000,0.000000,3568300330.372577
0.000000,0.000000,0.300000,0.300000,0.000000,0.000000,0.000000,3568300330.382576
0.000000,0.000000,0.300000,0.300000,0.000000,0.000000,0.000000,3568300330.392577
0.000000,0.000000,0.300000,0.300000,0.000000,0.000000,0.000000,3568300330.402573
0.000000,0.000000,0.300000,0.300000,0.000000,0.000000,0.000000,3568300330.412577
0.000000,0.000000,0.300000,0.300000,0.000000,0.000000,0.000000,3568300330.422578
0.000000,0.000000,0.300000,0.300000,0.000000,0.000000,0.000000,3568300330.432579
0.000000,0.000000,0.300000,0.300000,0.000000,0.000000,0.000000,3568300330.442579
0.000000,0.000000,0.300000,0.300000,0.000000,0.000000,0.000000,3568300330.452578
0.000000,0.000000,0.300000,0.300000,0.000000,0.000000,0.000000,3568300330.462579
0.000000,0.000000,0.300000,0.300000,0.000000,0.000000,0.000000,3568300330.472580
0.000000,0.000000,0.300000,0.300000,0.000000,0.000000,0.000000,3568300330.482580
0.000000,0.000000,0.300000,0.300000,0.000000,0.000000,0.000000,3568300330.492579
0.000000,0.000000,0.300000,0.300000,0.000000,0.000000,0.000000,3568300330.502576
0.000000,0.000000,0.300000,0.300000,0.000000,0.000000,0.000000,3568300330.512581
0.000000,0.000000,0.300000,0.300000,0.000000,0.000000,0.000000,3568300330.522582
0.000000,0.000000,0.300000,0.300000,0.000000,0.000000,0.000000,3568300330.532582
0.000000,0.000000,0.300000,0.300000,0.000000,0.000000,0.000000,3568300330.542581
0.000000,0.000000,0.300000,0.300000,0.000000,0.000000,0.000000,3568300330.552582
0.000000,0.000000,0.300000,0.300000,0.000000,0.000000,0.000000,3568300330.562583
0.000000,0.000000,0.300000,0.300000,0.000000,0.000000,0.000000,3568300330.572582
0.000000,0.000000,0.300000,0.300000,0.000000,0.000000,0.000000,3568300330.582585
0.000000,0.000000,0.300000,0.300000,0.000000,0.000000,0.000000,3568300330.592583
0.000000,0.000000,0.300000,0.300000,0.000000,0.000000,0.000000,3568300330.602579
0.000000,0.000000,0.300000,0.300000,0.000000,0.000000,0.000000,3568300330.612584
0.000000,0.000000,0.300000,0.300000,0.000000,0.000000,0.000000,3568300330.622584
0.000000,0.000000,0.300000,0.300000,0.000000,0.000000,0.000000,3568300330.632585
0.000000,0.000000,0.300000,0.300000,0.000000,0.000000,0.000000,3568300330.642585
0.000000,0.000000,0.300000,0.300000,0.000000,0.000000,0.000000,3568300330.652585
0.000000,0.000000,0.300000,0.300000,0.000000,0.000000,0.000000,3568300330.662585
0.000000,0.000000,0.300000,0.300000,0.000000,0.000000,0.000000,3568300330.672585
0.000000,0.000000,0.300000,0.300000,0.000000,0.000000,0.000000,3568300330.682587
0.000000,0.000000,0.300000,0.300000,0.000000,0.000000,0.000000,3568300330.692586
0.000000,0.000000,0.300000,0.300000,0.000000,0.000000,0.000000,3568300330.702582
0.000000,0.000000,0.300000,0.300000,0.000000,0.000000,0.000000,3568300330.712587
0.000000,0.000000,0.300000,0.300000,0.000000,0.000000,0.000000,3568300330.722587
0.000000,0.000000,0.300000,0.300000,0.000000,0.000000,0.000000,3568300330.732588
0.000000,0.000000,0.300000,0.300000,0.000000,0.000000,0.000000,3568300330.742588
0.000000,0.000000,0.300000,0.300000,0.000000,0.000000,0.000000,3568300330.752588
0.000000,0.000000,0.300000,0.300000,0.000000,0.000000,0.000000,3568300330.762589
0.000000,0.000000,0.300000,0.300000,-0.005127,0.000000,0.000000,3568300330.772588
0.000000,0.000000,0.300000,0.300000,-0.005127,0.000000,0.000000,3568300330.782590
0.000000,0.000000,0.300000,0.300000,-0.097919,0.000000,0.000000,3568300330.792589
0.000000,0.000000,0.300000,0.300000,-0.097919,0.000000,0.000000,3568300330.802586
0.000000,0.000000,0.300000,0.300000,-0.175237,0.000000,0.000000,3568300330.812590
0.000000,0.000000,0.300000,0.300000,-0.175237,0.000000,0.000000,3568300330.822591
0.000000,0.000000,0.300000,0.300000,-0.231941,0.000000,0.000000,3568300330.832592
0.000000,0.000000,0.300000,0.300000,-0.231941,0.000000,0.000000,3568300330.842592
0.000000,0.000000,0.300000,0.300000,-0.278329,0.000000,0.000000,3568300330.852592
0.000000,0.000000,0.300000,0.300000,-0.278329,0.000000,0.000000,3568300330.862591
0.000000,0.000000,0.300000,0.300000,-0.319575,0.000000,0.000000,3568300330.872593
0.000000,0.000000,0.300000,0.300000,-0.355663,0.000000,0.000000,3568300330.882594
0.000000,0.000000,0.300000,0.300000,-0.355663,0.000000,0.000000,3568300330.892593
0.000000,0.000000,0.300000,0.300000,-0.371120,0.000000,0.000000,3568300330.902589
0.000000,0.000000,0.300000,0.300000,-0.391736,0.000000,0.000000,3568300330.912594
0.000000,0.000000,0.300000,0.300000,-0.396893,0.000000,0.000000,3568300330.922594
0.000000,0.000000,0.300000,0.300000,-0.396893,0.000000,0.000000,3568300330.932594
0.000000,0.000000,0.300000,0.300000,-0.396893,0.000000,0.000000,3568300330.942595
0.000000,0.000000,0.300000,0.300000,-0.391736,0.000000,0.000000,3568300330.952594
0.000000,0.000000,0.300000,0.300000,-0.391736,0.000000,0.000000,3568300330.962595
0.000000,0.000000,0.300000,0.300000,-0.391736,0.000000,0.000000,3568300330.972595
0.000000,0.000000,0.300000,0.300000,-0.396893,0.000000,0.000000,3568300330.982596
0.000000,0.000000,0.300000,0.300000,-0.396893,0.000000,0.000000,3568300330.992596
0.000000,0.000000,0.300000,0.300000,-0.402051,0.000000,0.000000,3568300331.002592
0.000000,0.000000,0.300000,0.300000,-0.412366,0.000000,0.000000,3568300331.012597
0.000000,0.000000,0.300000,0.300000,-0.412366,0.000000,0.000000,3568300331.022596
0.000000,0.000000,0.300000,0.300000,-0.422666,0.000000,0.000000,3568300331.032598
0.000000,0.000000,0.300000,0.300000,-0.422666,0.000000,0.000000,3568300331.042598
0.000000,0.000000,0.300000,0.300000,-0.448439,0.000000,0.000000,3568300331.052597
0.000000,0.000000,0.300000,0.300000,-0.469069,0.000000,0.000000,3568300331.062599
0.000000,0.000000,0.300000,0.300000,-0.469069,0.000000,0.000000,3568300331.072599
0.000000,0.000000,0.300000,0.300000,-0.484527,0.000000,0.000000,3568300331.082602
0.000000,0.000000,0.300000,0.300000,-0.484527,0.000000,0.000000,3568300331.092599
0.000000,0.000000,0.300000,0.300000,-0.494842,0.000000,0.000000,3568300331.102596
0.000000,0.000000,0.300000,0.300000,-0.494842,0.000000,0.000000,3568300331.112600
0.000000,0.000000,0.300000,0.300000,-0.500000,0.000000,0.000000,3568300331.122601
0.000000,0.000000,0.300000,0.300000,-0.500000,0.000000,0.000000,3568300331.132601
0.000000,0.000000,0.300000,0.300000,-0.500000,0.000000,0.000000,3568300331.142601
0.000000,0.000000,0.300000,0.300000,-0.500000,0.000000,0.000000,3568300331.152601
0.000000,0.000000,0.300000,0.300000,-0.500000,0.000000,0.000000,3568300331.162602
0.000000,0.000000,0.300000,0.300000,-0.520615,0.000000,0.000000,3568300331.172602
0.000000,0.000000,0.300000,0.300000,-0.520615,0.000000,0.000000,3568300331.182603
0.000000,0.000000,0.300000,0.300000,-0.546388,0.000000,0.000000,3568300331.192602
0.000000,0.000000,0.300000,0.300000,-0.546388,0.000000,0.000000,3568300331.202599
0.000000,0.000000,0.300000,0.300000,-0.567003,0.000000,0.000000,3568300331.212603
0.000000,0.000000,0.300000,0.300000,-0.567003,0.000000,0.000000,3568300331.222603
0.000000,0.000000,0.300000,0.300000,-0.582476,0.000000,0.000000,3568300331.232605
0.000000,0.000000,0.300000,0.300000,-0.582476,0.000000,0.000000,3568300331.242605
0.000000,0.000000,0.300000,0.300000,-0.592776,0.000000,0.000000,3568300331.252604
0.000000,0.000000,0.300000,0.300000,-0.592776,0.000000,0.000000,3568300331.262604
0.000000,0.000000,0.300000,0.300000,-0.597934,0.000000,0.000000,3568300331.272604
0.000000,0.000000,0.300000,0.300000,-0.608249,0.000000,0.000000,3568300331.282606
0.000000,0.000000,0.300000,0.300000,-0.623707,0.000000,0.000000,3568300331.292606
0.000000,0.000000,0.300000,0.300000,-0.639164,0.000000,0.000000,3568300331.302602
0.000000,0.000000,0.300000,0.300000,-0.670095,0.000000,0.000000,3568300331.312606
0.000000,0.000000,0.300000,0.300000,-0.726798,0.000000,0.000000,3568300331.322607
0.000000,0.000000,0.300000,0.300000,-0.726798,0.000000,0.000000,3568300331.332608
0.000000,0.000000,0.300000,0.300000,-0.793817,0.000000,0.000000,3568300331.342607
0.000000,0.000000,0.300000,0.300000,-0.793817,0.000000,0.000000,3568300331.352606
0.000000,0.000000,0.300000,0.300000,-0.871136,0.000000,0.000000,3568300331.362608
0.000000,0.000000,0.300000,0.300000,-0.938154,0.000000,0.000000,3568300331.372608
0.000000,0.000000,0.300000,0.300000,-1.000000,0.000000,0.000000,3568300331.382608
0.000000,0.000000,0.300000,0.300000,-1.000000,0.000000,0.000000,3568300331.392609
0.000000,0.000000,0.300000,0.300000,-1.000000,0.000000,0.000000,3568300331.402605
0.000000,0.000000,0.300000,0.300000,-1.000000,0.000000,0.000000,3568300331.412609
0.000000,0.000000,0.300000,0.300000,-1.000000,0.000000,0.000000,3568300331.422611
0.000000,0.000000,0.300000,0.300000,-1.000000,0.000000,0.000000,3568300331.432611
0.000000,0.000000,0.300000,0.300000,-1.000000,0.000000,0.000000,3568300331.442610
0.000000,0.000000,0.300000,0.300000,-1.000000,0.000000,0.000000,3568300331.452611
0.000000,0.000000,0.300000,0.300000,-1.000000,0.000000,0.000000,3568300331.462612
0.000000,0.000000,0.300000,0.300000,-1.000000,0.000000,0.000000,3568300331.472612
0.000000,0.000000,0.300000,0.300000,-1.000000,0.000000,0.000000,3568300331.482613
0.000000,0.000000,0.300000,0.300000,-1.000000,0.000000,0.000000,3568300331.492612
0.000000,0.000000,0.300000,0.300000,-1.000000,0.000000,0.000000,3568300331.502608
0.000000,0.000000,0.300000,0.300000,-1.000000,0.000000,0.000000,3568300331.512612
0.000000,0.000000,0.300000,0.300000,-1.000000,0.000000,0.000000,3568300331.522613
0.000000,0.000000,0.300000,0.300000,-1.000000,0.000000,0.000000,3568300331.532614
0.000000,0.000000,0.300000,0.300000,-1.000000,0.000000,0.000000,3568300331.542613
0.000000,0.000000,0.300000,0.300000,-1.000000,0.000000,0.000000,3568300331.552613
0.000000,0.000000,0.300000,0.300000,-1.000000,0.000000,0.000000,3568300331.562613
0.000000,0.000000,0.300000,0.300000,-1.000000,0.000000,0.000000,3568300331.572614
0.000000,0.000000,0.300000,0.300000,-1.000000,0.000000,0.000000,3568300331.582617
0.000000,0.000000,0.300000,0.300000,-1.000000,0.000000,0.000000,3568300331.592615
0.000000,0.000000,0.300000,0.300000,-1.000000,0.000000,0.000000,3568300331.602611
0.000000,0.000000,0.300000,0.300000,-1.000000,0.000000,0.000000,3568300331.612616
0.000000,0.000000,0.300000,0.300000,-1.000000,0.000000,0.000000,3568300331.622616
0.000000,0.000000,0.300000,0.300000,-1.000000,0.000000,0.000000,3568300331.632617
0.000000,0.000000,0.300000,0.300000,-1.000000,0.000000,0.000000,3568300331.642617
0.000000,0.000000,0.300000,0.300000,-1.000000,0.000000,0.000000,3568300331.652616
0.000000,0.000000,0.300000,0.300000,-1.000000,0.000000,0.000000,3568300331.662618
0.000000,0.000000,0.300000,0.300000,-0.500000,0.000000,0.000000,3568300331.672617
0.000000,0.000000,0.300000,0.300000,-0.500000,0.000000,0.000000,3568300331.682619
0.000000,0.000000,0.300000,0.300000,-0.262871,0.000000,0.000000,3568300331.692618
0.000000,0.000000,0.300000,0.300000,0.000000,0.000000,0.000000,3568300331.702615
0.000000,0.000000,0.300000,0.300000,0.000000,0.000000,0.000000,3568300331.712619
0.000000,0.000000,0.300000,0.300000,0.000000,0.000000,0.000000,3568300331.722620
0.000000,0.000000,0.300000,0.300000,0.000000,0.000000,0.000000,3568300331.732621
0.000000,0.000000,0.300000,0.300000,0.000000,0.000000,0.000000,3568300331.742620
0.000000,0.000000,0.300000,0.300000,0.000000,0.000000,0.000000,3568300331.752622
0.000000,0.000000,0.300000,0.300000,0.000000,0.000000,0.000000,3568300331.762620
0.000000,0.000000,0.300000,0.300000,0.000000,0.000000,0.000000,3568300331.772621
0.000000,0.000000,0.300000,0.300000,0.000000,0.000000,0.000000,3568300331.782621
0.000000,0.000000,0.300000,0.300000,0.000000,0.000000,0.000000,3568300331.792622
0.000000,0.000000,0.300000,0.300000,0.000000,0.000000,0.000000,3568300331.802618
0.000000,0.000000,0.300000,0.300000,0.000000,0.000000,0.000000,3568300331.812622
0.000000,0.000000,0.300000,0.300000,0.000000,0.000000,0.000000,3568300331.822622
0.000000,0.000000,0.300000,0.300000,0.000000,0.000000,0.000000,3568300331.832624
0.000000,0.000000,0.300000,0.300000,0.000000,0.000000,0.000000,3568300331.842624
0.000000,0.000000,0.300000,0.300000,0.000000,0.000000,0.000000,3568300331.852623
0.000000,0.000000,0.300000,0.300000,0.000000,0.000000,0.000000,3568300331.862624
0.000000,0.000000,0.300000,0.300000,0.000000,0.000000,0.000000,3568300331.872624
0.000000,0.000000,0.300000,0.300000,0.000000,0.000000,0.000000,3568300331.882625
0.000000,0.000000,0.300000,0.300000,0.000000,0.000000,0.000000,3568300331.892626
0.000000,0.000000,0.300000,0.300000,0.000000,0.000000,0.000000,3568300331.902620
0.000000,0.000000,0.300000,0.300000,0.000000,0.000000,0.000000,3568300331.912625
0.000000,0.000000,0.300000,0.300000,0.000000,0.000000,0.000000,3568300331.922627
0.000000,0.000000,0.300000,0.300000,0.000000,0.000000,0.000000,3568300331.932627
0.000000,0.000000,0.300000,0.300000,0.000000,0.000000,0.000000,3568300331.942626
0.000000,0.000000,0.300000,0.300000,0.000000,0.000000,0.000000,3568300331.952627
0.000000,0.000000,0.300000,0.300000,0.000000,0.000000,0.000000,3568300331.962628
0.000000,0.000000,0.300000,0.300000,0.000000,0.000000,0.000000,3568300331.972628
0.000000,0.000000,0.300000,0.300000,0.000000,0.000000,0.000000,3568300331.982628
0.000000,0.000000,0.300000,0.300000,0.000000,0.000000,0.000000,3568300331.992630
0.000000,0.000000,0.300000,0.300000,0.000000,0.000000,0.000000,3568300332.002624
0.000000,0.000000,0.300000,0.300000,0.000000,0.000000,0.000000,3568300332.012629
0.000000,0.000000,0.300000,0.300000,0.000000,0.000000,0.000000,3568300332.022630
0.000000,0.000000,0.300000,0.300000,0.000000,0.000000,0.000000,3568300332.032629
0.000000,0.000000,0.300000,0.300000,0.000000,0.000000,0.000000,3568300332.042629
0.000000,0.000000,0.300000,0.300000,0.000000,0.000000,0.000000,3568300332.052630
0.000000,0.000000,0.300000,0.300000,0.000000,0.000000,0.000000,3568300332.062630
0.000000,0.000000,0.300000,0.300000,0.000000,0.000000,0.000000,3568300332.072631
0.000000,0.000000,0.300000,0.300000,0.000000,0.000000,0.000000,3568300332.082633
0.000000,0.000000,0.300000,0.300000,0.000000,0.000000,0.000000,3568300332.092631
0.000000,0.000000,0.300000,0.300000,0.000000,0.000000,0.000000,3568300332.102628
0.000000,0.000000,0.300000,0.300000,0.000000,0.000000,0.000000,3568300332.112633
0.000000,0.000000,0.300000,0.300000,0.000000,0.000000,0.000000,3568300332.122633
0.000000,0.000000,0.300000,0.300000,0.000000,0.000000,0.000000,3568300332.132633
0.000000,0.000000,0.300000,0.300000,0.000000,0.000000,0.000000,3568300332.142633
0.000000,0.000000,0.300000,0.300000,0.000000,0.000000,0.000000,3568300332.152633
0.000000,0.000000,0.300000,0.300000,0.000000,0.000000,0.000000,3568300332.162634
0.000000,0.000000,0.300000,0.300000,0.000000,0.000000,0.000000,3568300332.172633
0.000000,0.000000,0.300000,0.300000,0.000000,0.000000,0.000000,3568300332.182635
0.000000,0.000000,0.300000,0.300000,0.000000,0.000000,0.000000,3568300332.192635
0.000000,0.000000,0.300000,0.300000,0.000000,0.000000,0.000000,3568300332.202631
0.000000,0.000000,0.300000,0.300000,0.000000,0.000000,0.000000,3568300332.212636
0.000000,0.000000,0.300000,0.300000,0.000000,0.000000,0.000000,3568300332.222635
0.000000,0.000000,0.300000,0.300000,0.000000,0.000000,0.000000,3568300332.232636
0.000000,0.000000,0.300000,0.300000,0.000000,0.000000,0.000000,3568300332.242636
0.000000,0.000000,0.300000,0.300000,0.000000,0.000000,0.000000,3568300332.252635
0.000000,0.000000,0.300000,0.300000,0.000000,0.000000,0.000000,3568300332.262638
0.000000,0.000000,0.300000,0.300000,0.000000,0.000000,0.000000,3568300332.272638
0.000000,0.000000,0.300000,0.300000,0.000000,0.000000,0.000000,3568300332.282639
0.000000,0.000000,0.300000,0.300000,0.000000,0.000000,0.000000,3568300332.292636
0.000000,0.000000,0.300000,0.300000,0.000000,0.000000,0.000000,3568300332.302634
0.000000,0.000000,0.300000,0.300000,0.000000,0.000000,0.000000,3568300332.312638
0.000000,0.000000,0.300000,0.300000,0.000000,0.000000,0.000000,3568300332.322639
0.000000,0.000000,0.300000,0.300000,0.000000,0.000000,0.000000,3568300332.332640
0.000000,0.000000,0.300000,0.300000,0.000000,0.000000,0.000000,3568300332.342639
0.000000,0.000000,0.300000,0.300000,0.000000,0.000000,0.000000,3568300332.352640
0.000000,0.000000,0.300000,0.300000,0.000000,0.000000,0.000000,3568300332.362640
0.000000,0.000000,0.300000,0.300000,0.000000,0.000000,0.000000,3568300332.372641
0.000000,0.000000,0.300000,0.300000,0.000000,0.000000,0.000000,3568300332.382642
0.000000,0.000000,0.300000,0.300000,0.000000,0.000000,0.000000,3568300332.392641
0.000000,0.000000,0.300000,0.300000,0.000000,0.000000,0.000000,3568300332.402637
0.000000,0.000000,0.300000,0.300000,0.000000,0.000000,0.000000,3568300332.412642
0.000000,0.000000,0.300000,0.300000,0.000000,0.000000,0.000000,3568300332.422642
0.000000,0.000000,0.300000,0.300000,0.000000,0.000000,0.000000,3568300332.432642
0.000000,0.000000,0.300000,0.300000,0.000000,0.000000,0.000000,3568300332.442643
0.000000,0.000000,0.300000,0.300000,0.000000,0.000000,0.000000,3568300332.452642
0.000000,0.000000,0.300000,0.300000,0.000000,0.000000,0.000000,3568300332.462643
0.000000,0.000000,0.300000,0.300000,0.000000,0.000000,0.000000,3568300332.472643
0.000000,0.000000,0.300000,0.300000,0.000000,0.000000,0.000000,3568300332.482645
0.000000,0.000000,0.300000,0.300000,0.000000,0.000000,0.000000,3568300332.492644
0.000000,0.000000,0.300000,0.300000,0.000000,0.000000,0.000000,3568300332.502640
0.000000,0.000000,0.300000,0.300000,0.000000,0.000000,0.000000,3568300332.512646
0.000000,0.000000,0.300000,0.300000,0.000000,0.000000,0.000000,3568300332.522645
0.000000,0.000000,0.300000,0.300000,0.000000,0.100000,0.100000,3568300332.532646
0.000000,0.000000,0.300000,0.300000,0.000000,0.200000,0.200000,3568300332.542646
0.000000,0.000000,0.300000,0.300000,0.000000,0.300000,0.300000,3568300332.552645
0.000000,0.000000,0.300000,0.300000,0.000000,0.400000,0.400000,3568300332.562647
0.000000,0.000000,0.300000,0.300000,0.000000,0.500000,0.500000,3568300332.572648
0.000000,0.000000,0.300000,0.300000,0.000000,0.600000,0.600000,3568300332.582648
0.000000,0.000000,0.300000,0.300000,0.000000,0.700000,0.700000,3568300332.592646
0.000000,0.000000,0.300000,0.300000,0.000000,0.800000,0.800000,3568300332.602644
0.000000,0.000000,0.300000,0.300000,0.000000,0.900000,0.900000,3568300332.612648
0.000000,0.000000,0.300000,0.300000,0.000000,1.000000,1.000000,3568300332.622649
0.000000,0.000000,0.300000,0.300000,0.000000,1.000000,1.000000,3568300332.632649
0.000000,0.000000,0.300000,0.300000,0.000000,1.000000,1.000000,3568300332.642649
0.000000,0.000000,0.300000,0.300000,0.000000,1.000000,1.000000,3568300332.652649
0.000000,0.000000,0.300000,0.300000,0.000000,1.000000,1.000000,3568300332.662649
0.000000,0.000000,0.300000,0.300000,0.000000,1.000000,1.000000,3568300332.672650
0.000000,0.000000,0.300000,0.300000,0.000000,1.000000,1.000000,3568300332.682651
0.000000,0.000000,0.300000,0.300000,0.000000,1.000000,1.000000,3568300332.692651
0.000000,0.000000,0.300000,0.300000,0.000000,1.000000,1.000000,3568300332.702647
0.000000,0.000000,0.300000,0.300000,0.000000,1.000000,1.000000,3568300332.712651
0.000000,0.000000,0.300000,0.300000,0.000000,1.000000,1.000000,3568300332.722651
0.000000,0.000000,0.300000,0.300000,0.000000,1.000000,1.000000,3568300332.732652
0.000000,0.000000,0.300000,0.300000,0.000000,1.000000,1.000000,3568300332.742652
0.000000,0.000000,0.300000,0.300000,0.000000,1.000000,1.000000,3568300332.752652
0.000000,0.000000,0.300000,0.300000,0.000000,1.000000,1.000000,3568300332.762652
0.000000,0.000000,0.300000,0.300000,0.000000,1.000000,1.000000,3568300332.772653
0.000000,0.000000,0.300000,0.300000,0.000000,1.000000,1.000000,3568300332.782653
0.000000,0.000000,0.300000,0.300000,0.000000,1.000000,1.000000,3568300332.792654
0.000000,0.000000,0.300000,0.300000,0.000000,1.000000,1.000000,3568300332.802649
0.000000,0.000000,0.300000,0.300000,0.000000,1.000000,1.000000,3568300332.812654
0.000000,0.000000,0.300000,0.300000,0.000000,1.000000,1.000000,3568300332.822655
0.000000,0.000000,0.300000,0.300000,0.000000,1.000000,1.000000,3568300332.832655
0.000000,0.000000,0.300000,0.300000,0.000000,1.000000,1.000000,3568300332.842655
0.000000,0.000000,0.300000,0.300000,0.000000,1.000000,1.000000,3568300332.852655
0.000000,0.000000,0.300000,0.300000,0.000000,1.000000,1.000000,3568300332.862657
0.000000,0.000000,0.300000,0.300000,0.000000,1.000000,1.000000,3568300332.872657
0.000000,0.000000,0.300000,0.300000,0.000000,1.000000,1.000000,3568300332.882656
0.000000,0.000000,0.300000,0.300000,0.000000,1.000000,1.000000,3568300332.892656
0.000000,0.000000,0.300000,0.300000,0.000000,1.000000,1.000000,3568300332.902653
0.000000,0.000000,0.300000,0.300000,0.000000,1.000000,1.000000,3568300332.912658
0.000000,0.000000,0.300000,0.300000,0.000000,1.000000,1.000000,3568300332.922658
0.000000,0.000000,0.300000,0.300000,0.000000,1.000000,1.000000,3568300332.932659
0.000000,0.000000,0.300000,0.300000,0.000000,1.000000,1.000000,3568300332.942659
0.000000,0.000000,0.300000,0.300000,0.000000,1.000000,1.000000,3568300332.952658
0.000000,0.000000,0.300000,0.300000,0.000000,1.000000,1.000000,3568300332.962659
0.000000,0.000000,0.300000,0.300000,0.000000,1.000000,1.000000,3568300332.972660
0.000000,0.000000,0.300000,0.300000,0.000000,1.000000,1.000000,3568300332.982661
0.000000,0.000000,0.300000,0.300000,0.000000,1.000000,1.000000,3568300332.992661
0.000000,0.000000,0.300000,0.300000,0.000000,1.000000,1.000000,3568300333.002657
0.000000,0.000000,0.300000,0.300000,0.000000,1.000000,1.000000,3568300333.012661
0.000000,0.000000,0.300000,0.300000,0.000000,1.000000,1.000000,3568300333.022662
0.000000,0.000000,0.300000,0.300000,0.000000,1.000000,1.000000,3568300333.032662
0.000000,0.000000,0.300000,0.300000,0.000000,1.000000,1.000000,3568300333.042662
0.000000,0.000000,0.300000,0.300000,0.000000,1.000000,1.000000,3568300333.052661
0.000000,0.000000,0.300000,0.300000,0.000000,1.000000,1.000000,3568300333.062663
0.000000,0.000000,0.300000,0.300000,0.000000,1.000000,1.000000,3568300333.072662
0.000000,0.000000,0.300000,0.300000,0.000000,1.000000,1.000000,3568300333.082664
0.000000,0.000000,0.300000,0.300000,0.000000,1.000000,1.000000,3568300333.092665
0.000000,0.000000,0.300000,0.300000,0.000000,1.000000,1.000000,3568300333.102660
0.000000,0.000000,0.300000,0.300000,0.000000,1.000000,1.000000,3568300333.112664
0.000000,0.000000,0.300000,0.300000,0.000000,1.000000,1.000000,3568300333.122665
0.000000,0.000000,0.300000,0.300000,0.000000,1.000000,1.000000,3568300333.132666
0.000000,0.000000,0.300000,0.300000,0.000000,1.000000,1.000000,3568300333.142666
0.000000,0.000000,0.300000,0.300000,0.000000,1.000000,1.000000,3568300333.152665
0.000000,0.000000,0.300000,0.300000,0.000000,1.000000,1.000000,3568300333.162665
0.000000,0.000000,0.300000,0.300000,0.000000,1.000000,1.000000,3568300333.172666
0.000000,0.000000,0.300000,0.300000,0.000000,1.000000,1.000000,3568300333.182666
0.000000,0.000000,0.300000,0.300000,0.000000,1.000000,1.000000,3568300333.192667
0.000000,0.000000,0.300000,0.300000,0.000000,1.000000,1.000000,3568300333.202662
0.000000,0.000000,0.300000,0.300000,0.000000,1.000000,1.000000,3568300333.212667
0.000000,0.000000,0.300000,0.300000,0.000000,1.000000,1.000000,3568300333.222668
0.000000,0.000000,0.300000,0.300000,0.000000,1.000000,1.000000,3568300333.232668
0.000000,0.000000,0.300000,0.300000,0.000000,1.000000,1.000000,3568300333.242668
0.000000,0.000000,0.300000,0.300000,0.000000,1.000000,1.000000,3568300333.252668
0.000000,0.000000,0.300000,0.300000,0.000000,1.000000,1.000000,3568300333.262669
0.000000,0.000000,0.300000,0.300000,0.000000,1.000000,1.000000,3568300333.272669
0.000000,0.000000,0.300000,0.300000,0.000000,1.000000,1.000000,3568300333.282670
0.000000,0.000000,0.300000,0.300000,0.000000,1.000000,1.000000,3568300333.292670
0.000000,0.000000,0.300000,0.300000,0.000000,1.000000,1.000000,3568300333.302665
0.000000,0.000000,0.300000,0.300000,0.000000,1.000000,1.000000,3568300333.312671
0.000000,0.000000,0.300000,0.300000,0.000000,1.000000,1.000000,3568300333.322671
0.000000,0.000000,0.300000,0.300000,0.000000,1.000000,1.000000,3568300333.332672
0.000000,0.000000,0.300000,0.300000,0.000000,1.000000,1.000000,3568300333.342671
0.000000,0.000000,0.300000,0.300000,0.000000,1.000000,1.000000,3568300333.352672
0.000000,0.000000,0.300000,0.300000,0.000000,1.000000,1.000000,3568300333.362672
0.000000,0.000000,0.300000,0.300000,0.000000,1.000000,1.000000,3568300333.372672
0.000000,0.000000,0.300000,0.300000,0.000000,1.000000,1.000000,3568300333.382673
0.000000,0.000000,0.300000,0.300000,0.000000,1.000000,1.000000,3568300333.392673
0.000000,0.000000,0.300000,0.300000,0.000000,1.000000,1.000000,3568300333.402669
0.000000,0.000000,0.300000,0.300000,0.000000,1.000000,1.000000,3568300333.412674
0.000000,0.000000,0.300000,0.300000,0.000000,1.000000,1.000000,3568300333.422674
0.000000,0.000000,0.300000,0.300000,0.000000,1.000000,1.000000,3568300333.432674
0.000000,0.000000,0.300000,0.300000,0.000000,1.000000,1.000000,3568300333.442675
0.000000,0.000000,0.300000,0.300000,0.000000,1.000000,1.000000,3568300333.452674
0.000000,0.000000,0.300000,0.300000,0.000000,1.000000,1.000000,3568300333.462676
0.000000,0.000000,0.300000,0.300000,0.000000,0.900000,0.900000,3568300333.472675
0.000000,0.000000,0.300000,0.300000,0.000000,0.800000,0.800000,3568300333.482677
0.000000,0.000000,0.300000,0.300000,0.000000,0.700000,0.700000,3568300333.492675
0.000000,0.000000,0.300000,0.300000,0.000000,0.600000,0.600000,3568300333.502672
0.000000,0.000000,0.300000,0.300000,0.000000,0.500000,0.500000,3568300333.512676
0.000000,0.000000,0.300000,0.300000,0.000000,0.400000,0.400000,3568300333.522678
0.000000,0.000000,0.300000,0.300000,0.000000,0.300000,0.300000,3568300333.532677
0.000000,0.000000,0.300000,0.300000,0.000000,0.300000,0.300000,3568300333.542678
0.000000,0.000000,0.300000,0.300000,0.000000,0.300000,0.300000,3568300333.552679
0.000000,0.000000,0.300000,0.300000,0.000000,0.300000,0.300000,3568300333.562679
0.000000,0.000000,0.300000,0.300000,0.000000,0.300000,0.300000,3568300333.572679
0.000000,0.000000,0.300000,0.300000,0.000000,0.300000,0.300000,3568300333.582680
0.000000,0.000000,0.300000,0.300000,0.000000,0.300000,0.300000,3568300333.592680
0.000000,0.000000,0.300000,0.300000,0.000000,0.300000,0.300000,3568300333.602676
0.000000,0.000000,0.300000,0.300000,0.000000,0.300000,0.300000,3568300333.612680
0.000000,0.000000,0.300000,0.300000,0.000000,0.300000,0.300000,3568300333.622681
0.000000,0.000000,0.300000,0.300000,0.000000,0.300000,0.300000,3568300333.632681
0.000000,0.000000,0.300000,0.300000,0.000000,0.300000,0.300000,3568300333.642682
0.000000,0.000000,0.300000,0.300000,0.000000,0.300000,0.300000,3568300333.652679
0.000000,0.000000,0.300000,0.300000,0.000000,0.300000,0.300000,3568300333.662682
0.000000,0.000000,0.300000,0.300000,0.000000,0.300000,0.300000,3568300333.672681
0.000000,0.000000,0.300000,0.300000,0.000000,0.300000,0.300000,3568300333.682683
0.000000,0.000000,0.300000,0.300000,0.000000,0.300000,0.300000,3568300333.692683
0.000000,0.000000,0.300000,0.300000,0.000000,0.300000,0.300000,3568300333.702679
0.000000,0.000000,0.300000,0.300000,0.000000,0.300000,0.300000,3568300333.712684
0.000000,0.000000,0.300000,0.300000,0.000000,0.300000,0.300000,3568300333.722684
0.000000,0.000000,0.300000,0.300000,0.000000,0.300000,0.300000,3568300333.732685
0.000000,0.000000,0.300000,0.300000,0.000000,0.300000,0.300000,3568300333.742683
0.000000,0.000000,0.300000,0.300000,0.000000,0.300000,0.300000,3568300333.752684
0.000000,0.000000,0.300000,0.300000,0.000000,0.300000,0.300000,3568300333.762686
0.000000,0.000000,0.300000,0.300000,0.000000,0.300000,0.300000,3568300333.772686
0.000000,0.000000,0.300000,0.300000,0.000000,0.300000,0.300000,3568300333.782686
0.000000,0.000000,0.300000,0.300000,0.000000,0.300000,0.300000,3568300333.792685
0.000000,0.000000,0.300000,0.300000,0.000000,0.300000,0.300000,3568300333.802682
0.000000,0.000000,0.300000,0.300000,0.000000,0.300000,0.300000,3568300333.812687
0.000000,0.000000,0.300000,0.300000,0.000000,0.300000,0.300000,3568300333.822687
0.000000,0.000000,0.300000,0.300000,0.000000,0.300000,0.300000,3568300333.832688
0.000000,0.000000,0.300000,0.300000,0.000000,0.300000,0.300000,3568300333.842688
0.000000,0.000000,0.300000,0.300000,0.000000,0.300000,0.300000,3568300333.852688
0.000000,0.000000,0.300000,0.300000,0.000000,0.300000,0.300000,3568300333.862688
0.000000,0.000000,0.300000,0.300000,0.000000,0.300000,0.300000,3568300333.872689
0.000000,0.000000,0.300000,0.300000,0.000000,0.300000,0.300000,3568300333.882689
0.000000,0.000000,0.300000,0.300000,0.000000,0.300000,0.300000,3568300333.892689
0.000000,0.000000,0.300000,0.300000,0.000000,0.300000,0.300000,3568300333.902685
0.000000,0.000000,0.300000,0.300000,0.000000,0.300000,0.300000,3568300333.912690
0.000000,0.000000,0.300000,0.300000,0.000000,0.300000,0.300000,3568300333.922690
0.000000,0.000000,0.300000,0.300000,0.000000,0.300000,0.300000,3568300333.932691
0.000000,0.000000,0.300000,0.300000,0.000000,0.300000,0.300000,3568300333.942691
0.000000,0.000000,0.300000,0.300000,0.000000,0.300000,0.300000,3568300333.952691
0.000000,0.000000,0.300000,0.300000,0.000000,0.300000,0.300000,3568300333.962692
0.000000,0.000000,0.300000,0.300000,0.000000,0.300000,0.300000,3568300333.972691
0.000000,0.000000,0.300000,0.300000,0.000000,0.300000,0.300000,3568300333.982691
0.000000,0.000000,0.300000,0.300000,0.000000,0.300000,0.300000,3568300333.992692
0.000000,0.000000,0.300000,0.300000,0.000000,0.300000,0.300000,3568300334.002688
0.000000,0.000000,0.300000,0.300000,0.000000,0.300000,0.300000,3568300334.012692
0.000000,0.000000,0.300000,0.300000,0.000000,0.300000,0.300000,3568300334.022693
0.000000,0.000000,0.300000,0.300000,0.000000,0.300000,0.300000,3568300334.032696
0.000000,0.000000,0.300000,0.300000,0.000000,0.300000,0.300000,3568300334.042694
0.000000,0.000000,0.300000,0.300000,0.000000,0.300000,0.300000,3568300334.052694
0.000000,0.000000,0.300000,0.300000,0.000000,0.300000,0.300000,3568300334.062695
0.000000,0.000000,0.300000,0.300000,0.000000,0.300000,0.300000,3568300334.072695
0.000000,0.000000,0.300000,0.300000,0.000000,0.300000,0.300000,3568300334.082697
0.000000,0.000000,0.300000,0.300000,0.000000,0.300000,0.300000,3568300334.092694
0.000000,0.000000,0.300000,0.300000,0.000000,0.300000,0.300000,3568300334.102692
0.000000,0.000000,0.300000,0.300000,0.000000,0.300000,0.300000,3568300334.112696
0.000000,0.000000,0.300000,0.300000,0.000000,0.300000,0.300000,3568300334.122697
0.000000,0.000000,0.300000,0.300000,0.000000,0.300000,0.300000,3568300334.132698
0.000000,0.000000,0.300000,0.300000,0.000000,0.300000,0.300000,3568300334.142698
0.000000,0.000000,0.300000,0.300000,0.000000,0.300000,0.300000,3568300334.152697
0.000000,0.000000,0.300000,0.300000,0.000000,0.300000,0.300000,3568300334.162698
0.000000,0.000000,0.300000,0.300000,0.000000,0.300000,0.300000,3568300334.172699
0.000000,0.000000,0.300000,0.300000,0.000000,0.200000,0.200000,3568300334.182698
0.000000,0.000000,0.300000,0.300000,0.000000,0.100000,0.100000,3568300334.192699
0.000000,0.000000,0.300000,0.300000,0.000000,0.000000,0.000000,3568300334.202694
0.000000,0.000000,0.300000,0.300000,0.000000,-0.100000,-0.100000,3568300334.212699
0.000000,0.000000,0.300000,0.300000,0.000000,-0.200000,-0.200000,3568300334.222699
0.000000,0.000000,0.300000,0.300000,0.000000,-0.300000,-0.300000,3568300334.232700
0.000000,0.000000,0.300000,0.300000,0.000000,-0.400000,-0.400000,3568300334.242701
0.000000,0.000000,0.300000,0.300000,0.000000,-0.500000,-0.500000,3568300334.252700
0.000000,0.000000,0.300000,0.300000,0.000000,-0.600000,-0.600000,3568300334.262701
0.000000,0.000000,0.300000,0.300000,0.000000,-0.700000,-0.700000,3568300334.272701
0.000000,0.000000,0.300000,0.300000,0.000000,-0.800000,-0.800000,3568300334.282701
0.000000,0.000000,0.300000,0.300000,0.000000,-0.800000,-0.800000,3568300334.292702
0.000000,0.000000,0.300000,0.300000,0.000000,-0.800000,-0.800000,3568300334.302698
0.000000,0.000000,0.300000,0.300000,0.000000,-0.800000,-0.800000,3568300334.312702
0.000000,0.000000,0.300000,0.300000,0.000000,-0.800000,-0.800000,3568300334.322703
0.000000,0.000000,0.300000,0.300000,0.000000,-0.800000,-0.800000,3568300334.332703
0.000000,0.000000,0.300000,0.300000,0.000000,-0.800000,-0.800000,3568300334.342702
0.000000,0.000000,0.300000,0.300000,0.000000,-0.800000,-0.800000,3568300334.352702
0.000000,0.000000,0.300000,0.300000,0.000000,-0.800000,-0.800000,3568300334.362704
0.000000,0.000000,0.300000,0.300000,0.000000,-0.800000,-0.800000,3568300334.372705
0.000000,0.000000,0.300000,0.300000,0.000000,-0.800000,-0.800000,3568300334.382705
0.000000,0.000000,0.300000,0.300000,0.000000,-0.800000,-0.800000,3568300334.392704
0.000000,0.000000,0.300000,0.300000,0.000000,-0.800000,-0.800000,3568300334.402701
0.000000,0.000000,0.300000,0.300000,0.000000,-0.800000,-0.800000,3568300334.412705
0.000000,0.000000,0.300000,0.300000,0.000000,-0.800000,-0.800000,3568300334.422707
0.000000,0.000000,0.300000,0.300000,0.000000,-0.800000,-0.800000,3568300334.432706
0.000000,0.000000,0.300000,0.300000,0.000000,-0.800000,-0.800000,3568300334.442707
0.000000,0.000000,0.300000,0.300000,0.000000,-0.800000,-0.800000,3568300334.452706
0.000000,0.000000,0.300000,0.300000,0.000000,-0.800000,-0.800000,3568300334.462707
0.000000,0.000000,0.300000,0.300000,0.000000,-0.800000,-0.800000,3568300334.472707
0.000000,0.000000,0.300000,0.300000,0.000000,-0.800000,-0.800000,3568300334.482709
0.000000,0.000000,0.300000,0.300000,0.000000,-0.800000,-0.800000,3568300334.492708
0.000000,0.000000,0.300000,0.300000,0.000000,-0.800000,-0.800000,3568300334.502705
0.000000,0.000000,0.300000,0.300000,0.000000,-0.800000,-0.800000,3568300334.512708
0.000000,0.000000,0.300000,0.300000,0.000000,-0.800000,-0.800000,3568300334.522709
0.000000,0.000000,0.300000,0.300000,0.000000,-0.800000,-0.800000,3568300334.532711
0.000000,0.000000,0.300000,0.300000,0.000000,-0.800000,-0.800000,3568300334.542710
0.000000,0.000000,0.300000,0.300000,0.000000,-0.800000,-0.800000,3568300334.552710
0.000000,0.000000,0.300000,0.300000,0.000000,-0.800000,-0.800000,3568300334.562711
0.000000,0.000000,0.300000,0.300000,0.000000,-0.800000,-0.800000,3568300334.572711
0.000000,0.000000,0.300000,0.300000,0.000000,-0.800000,-0.800000,3568300334.582712
0.000000,0.000000,0.300000,0.300000,0.000000,-0.800000,-0.800000,3568300334.592712
0.000000,0.000000,0.300000,0.300000,0.000000,-0.800000,-0.800000,3568300334.602707
0.000000,0.000000,0.300000,0.300000,0.000000,-0.800000,-0.800000,3568300334.612712
0.000000,0.000000,0.300000,0.300000,0.000000,-0.800000,-0.800000,3568300334.622713
0.000000,0.000000,0.300000,0.300000,0.000000,-0.800000,-0.800000,3568300334.632713
0.000000,0.000000,0.300000,0.300000,0.000000,-0.800000,-0.800000,3568300334.642713
0.000000,0.000000,0.300000,0.300000,0.000000,-0.800000,-0.800000,3568300334.652713
0.000000,0.000000,0.300000,0.300000,0.000000,-0.800000,-0.800000,3568300334.662714
0.000000,0.000000,0.300000,0.300000,0.000000,-0.800000,-0.800000,3568300334.672714
0.000000,0.000000,0.300000,0.300000,0.000000,-0.800000,-0.800000,3568300334.682714
0.000000,0.000000,0.300000,0.300000,0.000000,-0.800000,-0.800000,3568300334.692714
0.000000,0.000000,0.300000,0.300000,0.000000,-0.800000,-0.800000,3568300334.702711
0.000000,0.000000,0.300000,0.300000,0.000000,-0.800000,-0.800000,3568300334.712716
0.000000,0.000000,0.300000,0.300000,0.000000,-0.800000,-0.800000,3568300334.722716
0.000000,0.000000,0.300000,0.300000,0.000000,-0.800000,-0.800000,3568300334.732717
0.000000,0.000000,0.300000,0.300000,0.000000,-0.800000,-0.800000,3568300334.742716
0.000000,0.000000,0.300000,0.300000,0.000000,-0.800000,-0.800000,3568300334.752718
0.000000,0.000000,0.300000,0.300000,0.000000,-0.800000,-0.800000,3568300334.762717
0.000000,0.000000,0.300000,0.300000,0.000000,-0.800000,-0.800000,3568300334.772717
0.000000,0.000000,0.300000,0.300000,0.000000,-0.800000,-0.800000,3568300334.782718
0.000000,0.000000,0.300000,0.300000,0.000000,-0.800000,-0.800000,3568300334.792718
0.000000,0.000000,0.300000,0.300000,0.000000,-0.800000,-0.800000,3568300334.802714
0.000000,0.000000,0.300000,0.300000,0.000000,-0.800000,-0.800000,3568300334.812719
0.000000,0.000000,0.300000,0.300000,0.000000,-0.800000,-0.800000,3568300334.822719
0.000000,0.000000,0.300000,0.300000,0.000000,-0.800000,-0.800000,3568300334.832720
0.000000,0.000000,0.300000,0.300000,0.000000,-0.800000,-0.800000,3568300334.842720
0.000000,0.000000,0.300000,0.300000,0.000000,-0.800000,-0.800000,3568300334.852719
0.000000,0.000000,0.300000,0.300000,0.000000,-0.800000,-0.800000,3568300334.862721
0.000000,0.000000,0.300000,0.300000,0.000000,-0.800000,-0.800000,3568300334.872720
0.000000,0.000000,0.300000,0.300000,0.000000,-0.800000,-0.800000,3568300334.882720
0.000000,0.000000,0.300000,0.300000,0.000000,-0.800000,-0.800000,3568300334.892721
0.000000,0.000000,0.300000,0.300000,0.000000,-0.900000,-0.900000,3568300334.902718
0.000000,0.000000,0.300000,0.300000,0.000000,-1.000000,-1.000000,3568300334.912722
0.000000,0.000000,0.300000,0.300000,0.000000,-1.000000,-1.000000,3568300334.922722
0.000000,0.000000,0.300000,0.300000,0.000000,-1.000000,-1.000000,3568300334.932723
0.000000,0.000000,0.300000,0.300000,0.000000,-1.000000,-1.000000,3568300334.942724
0.000000,0.000000,0.300000,0.300000,0.000000,-1.000000,-1.000000,3568300334.952722
0.000000,0.000000,0.300000,0.300000,0.000000,-1.000000,-1.000000,3568300334.962724
0.000000,0.000000,0.300000,0.300000,0.000000,-1.000000,-1.000000,3568300334.972724
0.000000,0.000000,0.300000,0.300000,0.000000,-1.000000,-1.000000,3568300334.982725
0.000000,0.000000,0.300000,0.300000,0.000000,-1.000000,-1.000000,3568300334.992725
0.000000,0.000000,0.300000,0.300000,0.000000,-1.000000,-1.000000,3568300335.002721
0.000000,0.000000,0.300000,0.300000,0.000000,-1.000000,-1.000000,3568300335.012724
0.000000,0.000000,0.300000,0.300000,0.000000,-1.000000,-1.000000,3568300335.022726
0.000000,0.000000,0.300000,0.300000,0.000000,-1.000000,-1.000000,3568300335.032726
0.000000,0.000000,0.300000,0.300000,0.000000,-1.000000,-1.000000,3568300335.042726
0.000000,0.000000,0.300000,0.300000,0.000000,-1.000000,-1.000000,3568300335.052726
0.000000,0.000000,0.300000,0.300000,0.000000,-1.000000,-1.000000,3568300335.062727
0.000000,0.000000,0.300000,0.300000,0.000000,-1.000000,-1.000000,3568300335.072727
0.000000,0.000000,0.300000,0.300000,0.000000,-1.000000,-1.000000,3568300335.082729
0.000000,0.000000,0.300000,0.300000,0.000000,-1.000000,-1.000000,3568300335.092728
0.000000,0.000000,0.300000,0.300000,0.000000,-1.000000,-1.000000,3568300335.102724
0.000000,0.000000,0.300000,0.300000,0.000000,-1.000000,-1.000000,3568300335.112728
0.000000,0.000000,0.300000,0.300000,0.000000,-1.000000,-1.000000,3568300335.122728
0.000000,0.000000,0.300000,0.300000,0.000000,-1.000000,-1.000000,3568300335.132730
0.000000,0.000000,0.300000,0.300000,0.000000,-1.000000,-1.000000,3568300335.142729
0.000000,0.000000,0.300000,0.300000,0.000000,-1.000000,-1.000000,3568300335.152730
0.000000,0.000000,0.300000,0.300000,0.000000,-1.000000,-1.000000,3568300335.162730
0.000000,0.000000,0.300000,0.300000,0.000000,-1.000000,-1.000000,3568300335.172732
0.000000,0.000000,0.300000,0.300000,0.000000,-1.000000,-1.000000,3568300335.182731
0.000000,0.000000,0.300000,0.300000,0.000000,-1.000000,-1.000000,3568300335.192730
0.000000,0.000000,0.300000,0.300000,0.000000,-1.000000,-1.000000,3568300335.202727
0.000000,0.000000,0.300000,0.300000,0.000000,-1.000000,-1.000000,3568300335.212731
0.000000,0.000000,0.300000,0.300000,0.000000,-1.000000,-1.000000,3568300335.222732
0.000000,0.000000,0.300000,0.300000,0.000000,-1.000000,-1.000000,3568300335.232733
0.000000,0.000000,0.300000,0.300000,0.000000,-1.000000,-1.000000,3568300335.242733
0.000000,0.000000,0.300000,0.300000,0.000000,-1.000000,-1.000000,3568300335.252733
0.000000,0.000000,0.300000,0.300000,0.000000,-1.000000,-1.000000,3568300335.262733
0.000000,0.000000,0.300000,0.300000,0.000000,-1.000000,-1.000000,3568300335.272734
0.000000,0.000000,0.300000,0.300000,0.000000,-1.000000,-1.000000,3568300335.282734
0.000000,0.000000,0.300000,0.300000,0.000000,-1.000000,-1.000000,3568300335.292734
0.000000,0.000000,0.300000,0.300000,0.000000,-1.000000,-1.000000,3568300335.302730
0.000000,0.000000,0.300000,0.300000,0.000000,-1.000000,-1.000000,3568300335.312734
0.000000,0.000000,0.300000,0.300000,0.000000,-1.000000,-1.000000,3568300335.322735
0.000000,0.000000,0.300000,0.300000,0.000000,-1.000000,-1.000000,3568300335.332736
0.000000,0.000000,0.300000,0.300000,0.000000,-1.000000,-1.000000,3568300335.342736
0.000000,0.000000,0.300000,0.300000,0.000000,-1.000000,-1.000000,3568300335.352736
0.000000,0.000000,0.300000,0.300000,0.000000,-1.000000,-1.000000,3568300335.362736
0.000000,0.000000,0.300000,0.300000,0.000000,-1.000000,-1.000000,3568300335.372736
0.000000,0.000000,0.300000,0.300000,0.000000,-1.000000,-1.000000,3568300335.382737
0.000000,0.000000,0.300000,0.300000,0.000000,-1.000000,-1.000000,3568300335.392738
0.000000,0.000000,0.300000,0.300000,0.000000,-1.000000,-1.000000,3568300335.402733
0.000000,0.000000,0.300000,0.300000,0.000000,-1.000000,-1.000000,3568300335.412737
0.000000,0.000000,0.300000,0.300000,0.000000,-1.000000,-1.000000,3568300335.422738
0.000000,0.000000,0.300000,0.300000,0.000000,-1.000000,-1.000000,3568300335.432739
0.000000,0.000000,0.300000,0.300000,0.000000,-1.000000,-1.000000,3568300335.442739
0.000000,0.000000,0.300000,0.300000,0.000000,-1.000000,-1.000000,3568300335.452738
0.000000,0.000000,0.300000,0.300000,0.000000,-1.000000,-1.000000,3568300335.462740
0.000000,0.000000,0.300000,0.300000,0.000000,-1.000000,-1.000000,3568300335.472739
0.000000,0.000000,0.300000,0.300000,0.000000,-1.000000,-1.000000,3568300335.482741
0.000000,0.000000,0.300000,0.300000,0.000000,-1.000000,-1.000000,3568300335.492740
0.000000,0.000000,0.300000,0.300000,0.000000,-1.000000,-1.000000,3568300335.502737
0.000000,0.000000,0.300000,0.300000,0.000000,-1.000000,-1.000000,3568300335.512741
0.000000,0.000000,0.300000,0.300000,0.000000,-1.000000,-1.000000,3568300335.522741
0.000000,0.000000,0.300000,0.300000,0.000000,-1.000000,-1.000000,3568300335.532742
0.000000,0.000000,0.300000,0.300000,0.000000,-1.000000,-1.000000,3568300335.542742
0.000000,0.000000,0.300000,0.300000,0.000000,-1.000000,-1.000000,3568300335.552742
0.000000,0.000000,0.300000,0.300000,0.000000,-1.000000,-1.000000,3568300335.562743
0.000000,0.000000,0.300000,0.300000,0.000000,-1.000000,-1.000000,3568300335.572744
0.000000,0.000000,0.300000,0.300000,0.000000,-1.000000,-1.000000,3568300335.582744
0.000000,0.000000,0.300000,0.300000,0.000000,-1.000000,-1.000000,3568300335.592743
0.000000,0.000000,0.300000,0.300000,0.000000,-1.000000,-1.000000,3568300335.602740
0.000000,0.000000,0.300000,0.300000,0.000000,-1.000000,-1.000000,3568300335.612744
0.000000,0.000000,0.300000,0.300000,0.000000,-1.000000,-1.000000,3568300335.622746
0.000000,0.000000,0.300000,0.300000,0.000000,-1.000000,-1.000000,3568300335.632746
0.000000,0.000000,0.300000,0.300000,0.000000,-1.000000,-1.000000,3568300335.642745
0.000000,0.000000,0.300000,0.300000,0.000000,-1.000000,-1.000000,3568300335.652745
0.000000,0.000000,0.300000,0.300000,0.000000,-1.000000,-1.000000,3568300335.662746
0.000000,0.000000,0.300000,0.300000,0.000000,-1.000000,-1.000000,3568300335.672746
0.000000,0.000000,0.300000,0.300000,0.000000,-1.000000,-1.000000,3568300335.682747
0.000000,0.000000,0.300000,0.300000,0.000000,-1.000000,-1.000000,3568300335.692747
0.000000,0.000000,0.300000,0.300000,0.000000,-1.000000,-1.000000,3568300335.702743
0.000000,0.000000,0.300000,0.300000,0.000000,-1.000000,-1.000000,3568300335.712747
0.000000,0.000000,0.300000,0.300000,0.000000,-1.000000,-1.000000,3568300335.722748
0.000000,0.000000,0.300000,0.300000,0.000000,-1.000000,-1.000000,3568300335.732748
0.000000,0.000000,0.300000,0.300000,0.000000,-1.000000,-1.000000,3568300335.742750
0.000000,0.000000,0.300000,0.300000,0.000000,-1.000000,-1.000000,3568300335.752748
0.000000,0.000000,0.300000,0.300000,0.000000,-1.000000,-1.000000,3568300335.762749
0.000000,0.000000,0.300000,0.300000,0.000000,-1.000000,-1.000000,3568300335.772748
0.000000,0.000000,0.300000,0.300000,0.000000,-1.000000,-1.000000,3568300335.782750
0.000000,0.000000,0.300000,0.300000,0.000000,-1.000000,-1.000000,3568300335.792750
0.000000,0.000000,0.300000,0.300000,0.000000,-1.000000,-1.000000,3568300335.802746
0.000000,0.000000,0.300000,0.300000,0.000000,-1.000000,-1.000000,3568300335.812750
0.000000,0.000000,0.300000,0.300000,0.000000,-1.000000,-1.000000,3568300335.822752
0.000000,0.000000,0.300000,0.300000,0.000000,-1.000000,-1.000000,3568300335.832752
0.000000,0.000000,0.300000,0.300000,0.000000,-1.000000,-1.000000,3568300335.842752
0.000000,0.000000,0.300000,0.300000,0.000000,-1.000000,-1.000000,3568300335.852751
0.000000,0.000000,0.300000,0.300000,0.000000,-1.000000,-1.000000,3568300335.862753
0.000000,0.000000,0.300000,0.300000,0.000000,-1.000000,-1.000000,3568300335.872754
0.000000,0.000000,0.300000,0.300000,0.000000,-1.000000,-1.000000,3568300335.882753
0.000000,0.000000,0.300000,0.300000,0.000000,0.000000,0.000000,3568300335.892752
0.000000,0.000000,0.300000,0.300000,0.000000,0.000000,0.000000,3568300335.902749
0.000000,0.000000,0.300000,0.300000,0.000000,0.000000,0.000000,3568300335.912755
0.000000,0.000000,0.300000,0.300000,0.000000,0.000000,0.000000,3568300335.922754
0.000000,0.000000,0.300000,0.300000,0.000000,0.000000,0.000000,3568300335.932755
0.000000,0.000000,0.300000,0.300000,0.000000,0.000000,0.000000,3568300335.942755
0.000000,0.000000,0.300000,0.300000,0.000000,0.000000,0.000000,3568300335.952755
0.000000,0.000000,0.300000,0.300000,0.000000,0.000000,0.000000,3568300335.962756
0.000000,0.000000,0.300000,0.300000,0.000000,0.000000,0.000000,3568300335.972755
0.000000,0.000000,0.300000,0.300000,0.000000,0.000000,0.000000,3568300335.982757
0.000000,0.000000,0.300000,0.300000,0.000000,0.000000,0.000000,3568300335.992757
0.000000,0.000000,0.300000,0.300000,0.000000,0.000000,0.000000,3568300336.002753
0.000000,0.000000,0.300000,0.300000,0.000000,0.000000,0.000000,3568300336.012758
0.000000,0.000000,0.300000,0.300000,0.000000,0.000000,0.000000,3568300336.022758
0.000000,0.000000,0.300000,0.300000,0.000000,0.000000,0.000000,3568300336.032758
0.000000,0.000000,0.300000,0.300000,0.000000,0.000000,0.000000,3568300336.042758
0.000000,0.000000,0.300000,0.300000,0.000000,0.000000,0.000000,3568300336.052758
0.000000,0.000000,0.300000,0.300000,0.000000,0.000000,0.000000,3568300336.062759
0.000000,0.000000,0.300000,0.300000,0.000000,0.000000,0.000000,3568300336.072759
0.000000,0.000000,0.300000,0.300000,0.000000,0.000000,0.000000,3568300336.082761
0.000000,0.000000,0.300000,0.300000,0.000000,0.000000,0.000000,3568300336.092760
0.000000,0.000000,0.300000,0.300000,0.000000,0.000000,0.000000,3568300336.102756
0.000000,0.000000,0.300000,0.300000,0.000000,0.000000,0.000000,3568300336.112760
0.000000,0.000000,0.300000,0.300000,0.000000,0.000000,0.000000,3568300336.122761
0.000000,0.000000,0.300000,0.300000,0.000000,0.000000,0.000000,3568300336.132761
0.000000,0.000000,0.300000,0.300000,0.000000,0.000000,0.000000,3568300336.142761
0.000000,0.000000,0.300000,0.300000,0.000000,0.000000,0.000000,3568300336.152761
0.000000,0.000000,0.300000,0.300000,0.000000,0.000000,0.000000,3568300336.162763
0.000000,0.000000,0.300000,0.300000,0.000000,0.000000,0.000000,3568300336.172763
0.000000,0.000000,0.300000,0.300000,0.000000,0.000000,0.000000,3568300336.182763
0.000000,0.000000,0.300000,0.300000,0.000000,0.000000,0.000000,3568300336.192762
0.000000,0.000000,0.300000,0.300000,0.000000,0.000000,0.000000,3568300336.202759
0.000000,0.000000,0.300000,0.300000,0.000000,0.000000,0.000000,3568300336.212763
0.000000,0.000000,0.300000,0.300000,0.000000,0.000000,0.000000,3568300336.222764
0.000000,0.000000,0.300000,0.300000,0.000000,0.000000,0.000000,3568300336.232764
0.000000,0.000000,0.300000,0.300000,0.000000,0.000000,0.000000,3568300336.242765
0.000000,0.000000,0.300000,0.300000,0.000000,0.000000,0.000000,3568300336.252764
0.000000,0.000000,0.300000,0.300000,0.000000,0.000000,0.000000,3568300336.262765
0.000000,0.000000,0.300000,0.300000,0.000000,0.000000,0.000000,3568300336.272765
0.000000,0.000000,0.300000,0.300000,0.000000,0.000000,0.000000,3568300336.282767
0.000000,0.000000,0.300000,0.300000,0.000000,0.000000,0.000000,3568300336.292767
0.000000,0.000000,0.300000,0.300000,0.000000,0.000000,0.000000,3568300336.302762
0.000000,0.000000,0.300000,0.300000,0.000000,0.000000,0.000000,3568300336.312767
0.000000,0.000000,0.300000,0.300000,0.000000,0.000000,0.000000,3568300336.322767
0.000000,0.000000,0.300000,0.300000,0.000000,0.000000,0.000000,3568300336.332768
0.000000,0.000000,0.300000,0.300000,0.000000,0.000000,0.000000,3568300336.342767
0.000000,0.000000,0.300000,0.300000,0.000000,0.000000,0.000000,3568300336.352768
0.000000,0.000000,0.300000,0.300000,0.000000,0.000000,0.000000,3568300336.362769
0.000000,0.000000,0.300000,0.300000,0.000000,0.000000,0.000000,3568300336.372768
0.000000,0.000000,0.300000,0.300000,0.000000,0.000000,0.000000,3568300336.382770
0.000000,0.000000,0.300000,0.300000,0.000000,0.000000,0.000000,3568300336.392769
0.000000,0.000000,0.300000,0.300000,0.000000,0.000000,0.000000,3568300336.402766
0.000000,0.000000,0.300000,0.300000,0.000000,0.000000,0.000000,3568300336.412769
0.000000,0.000000,0.300000,0.300000,0.000000,0.000000,0.000000,3568300336.422770
0.000000,0.000000,0.300000,0.300000,0.000000,0.000000,0.000000,3568300336.432772
0.000000,0.000000,0.300000,0.300000,0.000000,0.000000,0.000000,3568300336.442771
0.000000,0.000000,0.300000,0.300000,0.000000,0.000000,0.000000,3568300336.452770
0.000000,0.000000,0.300000,0.300000,0.000000,0.000000,0.000000,3568300336.462772
0.000000,0.000000,0.300000,0.300000,0.000000,0.000000,0.000000,3568300336.472772
0.000000,0.000000,0.300000,0.300000,0.000000,0.000000,0.000000,3568300336.482772
0.000000,0.000000,0.300000,0.300000,0.000000,0.000000,0.000000,3568300336.492772
0.000000,0.000000,0.300000,0.300000,0.000000,0.000000,0.000000,3568300336.502768
0.000000,0.000000,0.300000,0.300000,0.000000,0.000000,0.000000,3568300336.512773
0.000000,0.000000,0.300000,0.300000,0.000000,0.000000,0.000000,3568300336.522774
0.000000,0.000000,0.300000,0.300000,0.000000,0.000000,0.000000,3568300336.532775
0.000000,0.000000,0.300000,0.300000,0.000000,0.000000,0.000000,3568300336.542773
0.000000,0.000000,0.300000,0.300000,0.000000,0.000000,0.000000,3568300336.552774
0.000000,0.000000,0.300000,0.300000,0.000000,0.000000,0.000000,3568300336.562775
0.000000,0.000000,0.300000,0.300000,0.000000,0.000000,0.000000,3568300336.572775
0.000000,0.000000,0.300000,0.300000,0.000000,0.000000,0.000000,3568300336.582777
0.000000,0.000000,0.300000,0.300000,0.000000,0.000000,0.000000,3568300336.592776
0.000000,0.000000,0.300000,0.300000,0.000000,0.000000,0.000000,3568300336.602772
0.000000,0.000000,0.300000,0.300000,0.000000,0.000000,0.000000,3568300336.612776
0.000000,0.000000,0.300000,0.300000,0.000000,0.000000,0.000000,3568300336.622777
0.000000,0.000000,0.300000,0.300000,0.000000,0.000000,0.000000,3568300336.632778
0.000000,0.000000,0.300000,0.300000,0.000000,0.000000,0.000000,3568300336.642777
0.000000,0.000000,0.300000,0.300000,0.000000,0.000000,0.000000,3568300336.652777
0.000000,0.000000,0.300000,0.300000,0.000000,0.000000,0.000000,3568300336.662778
0.000000,0.000000,0.300000,0.300000,0.000000,0.000000,0.000000,3568300336.672777
0.000000,0.000000,0.300000,0.300000,0.000000,0.000000,0.000000,3568300336.682780
0.000000,0.000000,0.300000,0.300000,0.000000,0.000000,0.000000,3568300336.692779
0.000000,0.000000,0.300000,0.300000,0.000000,0.000000,0.000000,3568300336.702775
0.000000,0.000000,0.300000,0.300000,0.000000,0.000000,0.000000,3568300336.712780
0.000000,0.000000,0.300000,0.300000,0.000000,0.000000,0.000000,3568300336.722780
0.000000,0.000000,0.300000,0.300000,0.000000,0.000000,0.000000,3568300336.732781
0.000000,0.000000,0.300000,0.300000,0.000000,0.000000,0.000000,3568300336.742780
0.000000,0.000000,0.300000,0.300000,0.000000,0.000000,0.000000,3568300336.752780
0.000000,0.000000,0.300000,0.300000,0.000000,0.000000,0.000000,3568300336.762782
0.000000,0.000000,0.300000,0.300000,0.000000,0.000000,0.000000,3568300336.772781
0.000000,0.000000,0.300000,0.300000,0.000000,0.000000,0.000000,3568300336.782782
0.000000,0.000000,0.300000,0.300000,0.000000,0.000000,0.000000,3568300336.792782
0.000000,0.000000,0.300000,0.300000,0.000000,0.000000,0.000000,3568300336.802778
0.000000,0.000000,0.300000,0.300000,0.000000,0.000000,0.000000,3568300336.812783
0.000000,0.000000,0.300000,0.300000,0.000000,0.000000,0.000000,3568300336.822784
0.000000,0.000000,0.300000,0.300000,0.000000,0.000000,0.000000,3568300336.832785
0.000000,0.000000,0.300000,0.300000,0.000000,0.000000,0.000000,3568300336.842783
0.000000,0.000000,0.300000,0.300000,0.000000,0.000000,0.000000,3568300336.852786
0.000000,0.000000,0.300000,0.300000,0.000000,0.000000,0.000000,3568300336.862784
0.000000,0.000000,0.300000,0.300000,0.000000,0.000000,0.000000,3568300336.872785
0.000000,0.000000,0.300000,0.300000,0.000000,0.000000,0.000000,3568300336.882785
0.000000,0.000000,0.300000,0.300000,0.000000,0.000000,0.000000,3568300336.892786
0.000000,0.000000,0.300000,0.300000,0.000000,0.000000,0.000000,3568300336.902781
0.000000,0.000000,0.300000,0.300000,0.000000,0.000000,0.000000,3568300336.912786
0.000000,0.000000,0.300000,0.300000,0.000000,0.000000,0.000000,3568300336.922787
0.000000,0.000000,0.300000,0.300000,0.000000,0.000000,0.000000,3568300336.932787
0.000000,0.000000,0.300000,0.300000,0.000000,0.000000,0.000000,3568300336.942788
0.000000,0.000000,0.300000,0.300000,0.000000,0.000000,0.000000,3568300336.952786
0.000000,0.000000,0.300000,0.300000,0.000000,0.000000,0.000000,3568300336.962788
0.000000,0.000000,0.300000,0.300000,0.000000,0.000000,0.000000,3568300336.972787
0.000000,0.000000,0.300000,0.300000,0.000000,0.000000,0.000000,3568300336.982789
0.000000,0.000000,0.300000,0.300000,0.000000,0.000000,0.000000,3568300336.992789
0.000000,0.000000,0.300000,0.300000,0.000000,0.000000,0.000000,3568300337.002785
0.000000,0.000000,0.300000,0.300000,0.000000,0.000000,0.000000,3568300337.012789
0.000000,0.000000,0.300000,0.300000,0.000000,0.000000,0.000000,3568300337.022790
0.000000,0.000000,0.300000,0.300000,0.000000,0.000000,0.000000,3568300337.032790
0.000000,0.000000,0.300000,0.300000,0.000000,0.000000,0.000000,3568300337.042790
0.000000,0.000000,0.300000,0.300000,0.000000,0.000000,0.000000,3568300337.052789
0.000000,0.000000,0.300000,0.300000,0.000000,0.000000,0.000000,3568300337.062790
0.000000,0.000000,0.300000,0.300000,0.000000,0.000000,0.000000,3568300337.072792
0.000000,0.000000,0.300000,0.300000,0.000000,0.000000,0.000000,3568300337.082793
0.000000,0.000000,0.300000,0.300000,0.000000,0.000000,0.000000,3568300337.092791
0.000000,0.000000,0.300000,0.300000,0.000000,0.000000,0.000000,3568300337.102788
0.000000,0.000000,0.300000,0.300000,0.000000,0.000000,0.000000,3568300337.112792
0.000000,0.000000,0.300000,0.300000,0.000000,0.000000,0.000000,3568300337.122793
0.000000,0.000000,0.300000,0.300000,0.000000,0.000000,0.000000,3568300337.132793
0.000000,0.000000,0.300000,0.300000,0.000000,0.000000,0.000000,3568300337.142793
